,Actual Classifcation,Predicted Classification
0,1.0,0
1,1.0,0
2,1.0,0
3,1.0,0
4,1.0,0
5,1.0,0
6,1.0,0
7,1.0,0
8,1.0,0
9,1.0,0
10,1.0,0
11,1.0,0
12,1.0,0
13,1.0,0
14,1.0,0
15,1.0,0
16,1.0,0
17,1.0,0
18,1.0,0
19,1.0,0
20,1.0,4
21,1.0,0
22,1.0,0
23,1.0,0
24,1.0,0
25,1.0,0
26,1.0,4
27,1.0,0
28,1.0,4
29,1.0,0
30,1.0,0
31,1.0,0
32,1.0,0
33,1.0,4
34,1.0,0
35,1.0,0
36,1.0,0
37,1.0,0
38,1.0,0
39,1.0,0
40,1.0,0
41,1.0,0
42,1.0,0
43,1.0,0
44,1.0,0
45,1.0,0
46,1.0,0
47,1.0,0
48,1.0,0
49,1.0,0
50,1.0,0
51,1.0,0
52,1.0,0
53,1.0,0
54,1.0,0
55,1.0,0
56,1.0,0
57,1.0,4
58,1.0,0
59,1.0,0
60,1.0,0
61,1.0,0
62,1.0,0
63,1.0,0
64,1.0,4
65,1.0,0
66,1.0,4
67,1.0,4
68,1.0,0
69,1.0,0
70,1.0,0
71,1.0,0
72,1.0,0
73,1.0,0
74,1.0,0
75,1.0,0
76,1.0,0
77,1.0,0
78,1.0,0
79,1.0,0
80,1.0,0
81,1.0,0
82,1.0,0
83,1.0,0
84,1.0,0
85,1.0,4
86,1.0,0
87,1.0,0
88,1.0,0
89,1.0,0
90,1.0,0
91,1.0,4
92,1.0,0
93,1.0,4
94,1.0,0
95,1.0,4
96,1.0,4
97,1.0,0
98,1.0,0
99,1.0,0
100,1.0,0
101,1.0,0
102,1.0,4
103,1.0,0
104,1.0,0
105,1.0,0
106,1.0,0
107,1.0,0
108,1.0,0
109,1.0,0
110,1.0,0
111,1.0,0
112,1.0,0
113,1.0,4
114,1.0,4
115,1.0,4
116,1.0,0
117,1.0,4
118,1.0,0
119,1.0,0
120,1.0,0
121,1.0,0
122,1.0,0
123,1.0,0
124,1.0,0
125,1.0,0
126,1.0,0
127,1.0,0
128,1.0,0
129,1.0,0
130,1.0,0
131,1.0,0
132,1.0,0
133,1.0,0
134,1.0,0
135,1.0,4
136,1.0,0
137,1.0,0
138,1.0,4
139,1.0,0
140,1.0,4
141,1.0,0
142,1.0,0
143,1.0,0
144,1.0,0
145,1.0,0
146,1.0,0
147,1.0,0
148,1.0,4
149,1.0,0
150,1.0,0
151,1.0,0
152,1.0,0
153,1.0,0
154,1.0,4
155,1.0,0
156,1.0,0
157,1.0,0
158,1.0,0
159,1.0,0
160,1.0,0
161,1.0,4
162,1.0,0
163,1.0,0
164,1.0,0
165,1.0,0
166,1.0,0
167,1.0,0
168,1.0,4
169,1.0,4
170,1.0,0
171,1.0,0
172,1.0,0
173,1.0,0
174,1.0,0
175,1.0,0
176,1.0,0
177,1.0,0
178,1.0,0
179,1.0,0
180,1.0,0
181,1.0,0
182,1.0,0
183,1.0,0
184,1.0,0
185,1.0,0
186,1.0,4
187,1.0,0
188,1.0,0
189,1.0,0
190,1.0,0
191,1.0,0
192,1.0,0
193,1.0,0
194,1.0,0
195,1.0,0
196,1.0,0
197,1.0,4
198,1.0,0
199,1.0,0
200,1.0,0
201,1.0,0
202,1.0,0
203,1.0,0
204,1.0,0
205,1.0,0
206,1.0,0
207,1.0,0
208,1.0,4
209,1.0,0
210,1.0,0
211,1.0,0
212,1.0,0
213,1.0,0
214,1.0,4
215,1.0,0
216,1.0,0
217,1.0,0
218,1.0,0
219,1.0,0
220,1.0,0
221,1.0,0
222,1.0,0
223,1.0,4
224,1.0,0
225,1.0,0
226,1.0,0
227,1.0,0
228,1.0,0
229,1.0,0
230,1.0,0
231,1.0,0
232,1.0,0
233,1.0,0
234,1.0,0
235,1.0,0
236,1.0,0
237,1.0,0
238,1.0,0
239,1.0,0
240,1.0,0
241,1.0,0
242,1.0,0
243,1.0,4
244,1.0,0
245,1.0,4
246,1.0,0
247,1.0,0
248,1.0,0
249,1.0,0
250,1.0,0
251,1.0,0
252,1.0,0
253,1.0,4
254,1.0,0
255,1.0,4
256,1.0,0
257,1.0,0
258,1.0,0
259,1.0,0
260,1.0,0
261,1.0,0
262,1.0,0
263,1.0,0
264,1.0,0
265,1.0,0
266,1.0,0
267,1.0,0
268,1.0,0
269,1.0,0
270,1.0,0
271,1.0,0
272,1.0,0
273,1.0,0
274,1.0,4
275,1.0,0
276,1.0,0
277,1.0,0
278,1.0,0
279,1.0,0
280,1.0,0
281,1.0,0
282,1.0,0
283,1.0,0
284,1.0,0
285,1.0,0
286,1.0,0
287,1.0,0
288,1.0,0
289,1.0,0
290,1.0,0
291,1.0,4
292,1.0,0
293,1.0,0
294,1.0,4
295,1.0,4
296,1.0,0
297,1.0,0
298,1.0,0
299,1.0,0
300,1.0,0
301,1.0,4
302,1.0,0
303,1.0,0
304,1.0,0
305,1.0,0
306,1.0,0
307,1.0,0
308,1.0,4
309,1.0,0
310,1.0,0
311,1.0,0
312,1.0,4
313,1.0,0
314,1.0,0
315,1.0,0
316,1.0,0
317,1.0,0
318,1.0,0
319,1.0,0
320,1.0,0
321,1.0,0
322,1.0,0
323,1.0,0
324,1.0,0
325,1.0,0
326,1.0,0
327,1.0,0
328,1.0,0
329,1.0,0
330,1.0,0
331,1.0,4
332,1.0,0
333,1.0,0
334,1.0,0
335,1.0,0
336,1.0,0
337,1.0,0
338,1.0,0
339,1.0,0
340,1.0,0
341,1.0,0
342,1.0,4
343,1.0,4
344,1.0,4
345,1.0,0
346,1.0,0
347,1.0,0
348,1.0,0
349,1.0,4
350,1.0,0
351,1.0,0
352,1.0,0
353,1.0,0
354,1.0,0
355,1.0,4
356,1.0,0
357,1.0,0
358,1.0,0
359,1.0,0
360,1.0,0
361,1.0,0
362,1.0,0
363,1.0,0
364,1.0,0
365,1.0,0
366,1.0,0
367,1.0,0
368,1.0,0
369,1.0,0
370,1.0,0
371,1.0,4
372,1.0,0
373,1.0,0
374,1.0,0
375,1.0,0
376,1.0,0
377,1.0,0
378,1.0,0
379,1.0,1
380,1.0,0
381,1.0,0
382,1.0,0
383,1.0,0
384,1.0,0
385,1.0,0
386,1.0,0
387,1.0,4
388,1.0,0
389,1.0,0
390,1.0,0
391,1.0,0
392,1.0,0
393,1.0,0
394,1.0,0
395,1.0,4
396,1.0,0
397,1.0,0
398,1.0,0
399,1.0,0
400,1.0,0
401,1.0,0
402,1.0,0
403,1.0,0
404,1.0,0
405,1.0,0
406,1.0,0
407,1.0,0
408,1.0,0
409,1.0,0
410,1.0,0
411,1.0,0
412,1.0,0
413,1.0,0
414,1.0,0
415,1.0,0
416,1.0,0
417,1.0,0
418,1.0,0
419,1.0,0
420,1.0,0
421,1.0,0
422,1.0,0
423,1.0,4
424,1.0,0
425,1.0,0
426,1.0,0
427,1.0,0
428,1.0,0
429,1.0,0
430,1.0,0
431,1.0,0
432,1.0,0
433,1.0,0
434,1.0,0
435,1.0,0
436,1.0,0
437,1.0,0
438,1.0,0
439,1.0,0
440,1.0,0
441,1.0,0
442,1.0,0
443,1.0,0
444,1.0,0
445,1.0,0
446,1.0,0
447,1.0,0
448,1.0,0
449,1.0,0
450,1.0,0
451,1.0,4
452,1.0,0
453,1.0,0
454,1.0,0
455,1.0,0
456,1.0,0
457,1.0,0
458,1.0,0
459,1.0,0
460,1.0,0
461,1.0,0
462,1.0,0
463,1.0,0
464,1.0,0
465,1.0,0
466,1.0,0
467,1.0,0
468,1.0,0
469,1.0,0
470,1.0,0
471,1.0,0
472,1.0,0
473,1.0,0
474,1.0,0
475,1.0,0
476,1.0,0
477,1.0,0
478,1.0,0
479,1.0,0
480,1.0,0
481,1.0,4
482,1.0,0
483,1.0,0
484,1.0,0
485,1.0,0
486,1.0,0
487,1.0,0
488,1.0,0
489,1.0,0
490,1.0,0
491,1.0,0
492,1.0,0
493,1.0,0
494,1.0,0
495,1.0,0
496,1.0,0
497,1.0,0
498,1.0,0
499,1.0,0
500,1.0,0
501,1.0,0
502,1.0,0
503,1.0,0
504,1.0,4
505,1.0,0
506,1.0,0
507,1.0,0
508,1.0,0
509,1.0,0
510,1.0,0
511,1.0,4
512,1.0,0
513,1.0,0
514,1.0,0
515,1.0,4
516,1.0,0
517,1.0,0
518,1.0,0
519,1.0,0
520,1.0,0
521,1.0,0
522,1.0,0
523,1.0,4
524,1.0,0
525,1.0,0
526,1.0,0
527,1.0,0
528,1.0,0
529,1.0,0
530,1.0,0
531,1.0,4
532,1.0,4
533,1.0,0
534,1.0,0
535,1.0,0
536,1.0,0
537,1.0,0
538,1.0,0
539,1.0,0
540,1.0,0
541,1.0,0
542,1.0,0
543,1.0,0
544,1.0,0
545,1.0,0
546,1.0,0
547,1.0,0
548,1.0,0
549,1.0,0
550,1.0,4
551,1.0,0
552,1.0,4
553,1.0,4
554,1.0,0
555,1.0,0
556,1.0,4
557,1.0,0
558,1.0,0
559,1.0,0
560,1.0,0
561,1.0,0
562,1.0,0
563,1.0,4
564,1.0,0
565,1.0,0
566,1.0,0
567,1.0,0
568,1.0,0
569,1.0,0
570,1.0,0
571,1.0,0
572,1.0,0
573,1.0,0
574,1.0,0
575,1.0,0
576,1.0,0
577,1.0,0
578,1.0,0
579,1.0,0
580,1.0,4
581,1.0,0
582,1.0,0
583,1.0,0
584,1.0,0
585,1.0,0
586,1.0,0
587,1.0,0
588,1.0,4
589,1.0,0
590,1.0,0
591,1.0,0
592,1.0,0
593,1.0,0
594,1.0,0
595,1.0,0
596,1.0,0
597,1.0,0
598,1.0,0
599,1.0,0
600,1.0,4
601,1.0,0
602,1.0,0
603,1.0,0
604,1.0,0
605,1.0,4
606,1.0,0
607,1.0,0
608,1.0,0
609,1.0,0
610,1.0,0
611,1.0,0
612,1.0,0
613,1.0,0
614,1.0,0
615,1.0,4
616,1.0,0
617,1.0,0
618,1.0,0
619,1.0,4
620,1.0,4
621,1.0,0
622,1.0,0
623,1.0,0
624,1.0,4
625,1.0,0
626,1.0,0
627,1.0,4
628,1.0,0
629,1.0,4
630,1.0,0
631,1.0,0
632,1.0,0
633,1.0,0
634,1.0,0
635,1.0,0
636,1.0,0
637,1.0,0
638,1.0,0
639,1.0,0
640,1.0,0
641,1.0,0
642,1.0,4
643,1.0,0
644,1.0,0
645,1.0,0
646,1.0,0
647,1.0,0
648,1.0,4
649,1.0,4
650,1.0,0
651,1.0,0
652,1.0,0
653,1.0,0
654,1.0,0
655,1.0,0
656,1.0,0
657,1.0,0
658,1.0,0
659,1.0,0
660,1.0,0
661,1.0,0
662,1.0,0
663,1.0,0
664,1.0,0
665,1.0,0
666,1.0,0
667,1.0,0
668,1.0,0
669,1.0,0
670,1.0,0
671,1.0,0
672,1.0,0
673,1.0,0
674,1.0,0
675,1.0,0
676,1.0,0
677,1.0,0
678,1.0,0
679,1.0,0
680,1.0,0
681,1.0,0
682,1.0,0
683,1.0,0
684,1.0,0
685,1.0,0
686,1.0,4
687,1.0,0
688,1.0,0
689,1.0,0
690,1.0,0
691,1.0,4
692,1.0,0
693,1.0,0
694,1.0,0
695,1.0,0
696,1.0,0
697,1.0,0
698,1.0,0
699,1.0,0
700,1.0,0
701,1.0,0
702,1.0,0
703,1.0,0
704,1.0,0
705,1.0,0
706,1.0,0
707,1.0,0
708,1.0,0
709,1.0,0
710,1.0,0
711,1.0,0
712,1.0,0
713,1.0,0
714,1.0,0
715,1.0,4
716,1.0,0
717,1.0,0
718,1.0,0
719,1.0,0
720,1.0,0
721,1.0,4
722,1.0,4
723,1.0,0
724,1.0,0
725,1.0,0
726,1.0,4
727,1.0,0
728,1.0,0
729,1.0,0
730,1.0,0
731,1.0,0
732,1.0,0
733,1.0,4
734,1.0,0
735,1.0,4
736,1.0,0
737,1.0,0
738,1.0,0
739,1.0,4
740,1.0,0
741,1.0,0
742,1.0,0
743,1.0,0
744,1.0,0
745,1.0,0
746,1.0,0
747,1.0,0
748,1.0,0
749,1.0,0
750,1.0,0
751,1.0,0
752,1.0,0
753,1.0,0
754,1.0,0
755,1.0,0
756,1.0,0
757,1.0,0
758,1.0,0
759,1.0,0
760,1.0,0
761,1.0,0
762,1.0,4
763,1.0,0
764,1.0,0
765,1.0,0
766,1.0,0
767,1.0,0
768,1.0,0
769,1.0,0
770,1.0,0
771,1.0,4
772,1.0,0
773,1.0,0
774,1.0,0
775,1.0,0
776,1.0,0
777,1.0,0
778,1.0,0
779,1.0,0
780,1.0,0
781,1.0,0
782,1.0,0
783,1.0,0
784,1.0,0
785,1.0,0
786,1.0,0
787,1.0,0
788,1.0,0
789,1.0,0
790,1.0,0
791,1.0,0
792,1.0,4
793,1.0,0
794,1.0,0
795,1.0,0
796,1.0,0
797,1.0,0
798,1.0,0
799,1.0,4
800,1.0,0
801,1.0,0
802,1.0,0
803,1.0,0
804,1.0,4
805,1.0,0
806,1.0,0
807,1.0,0
808,1.0,0
809,1.0,0
810,1.0,0
811,1.0,0
812,1.0,0
813,1.0,0
814,1.0,0
815,1.0,0
816,1.0,0
817,1.0,0
818,1.0,0
819,1.0,0
820,1.0,0
821,1.0,0
822,1.0,4
823,1.0,0
824,1.0,0
825,1.0,4
826,1.0,0
827,1.0,4
828,1.0,0
829,1.0,0
830,1.0,0
831,1.0,0
832,1.0,0
833,1.0,0
834,1.0,0
835,1.0,0
836,1.0,4
837,1.0,0
838,1.0,0
839,1.0,0
840,1.0,0
841,1.0,0
842,1.0,0
843,1.0,0
844,1.0,0
845,1.0,0
846,1.0,0
847,1.0,0
848,1.0,4
849,1.0,0
850,1.0,0
851,1.0,0
852,1.0,0
853,1.0,0
854,1.0,0
855,1.0,0
856,1.0,0
857,1.0,0
858,1.0,0
859,1.0,0
860,1.0,0
861,1.0,0
862,1.0,0
863,1.0,0
864,1.0,4
865,1.0,0
866,1.0,0
867,1.0,0
868,1.0,0
869,1.0,4
870,1.0,0
871,1.0,0
872,1.0,0
873,1.0,0
874,1.0,0
875,1.0,0
876,1.0,0
877,1.0,0
878,1.0,0
879,1.0,0
880,1.0,0
881,1.0,4
882,1.0,0
883,1.0,0
884,1.0,0
885,1.0,0
886,1.0,0
887,1.0,0
888,1.0,0
889,1.0,0
890,1.0,0
891,1.0,0
892,1.0,0
893,1.0,0
894,1.0,0
895,1.0,0
896,1.0,0
897,1.0,0
898,1.0,0
899,1.0,0
900,1.0,0
901,1.0,0
902,1.0,0
903,1.0,0
904,1.0,0
905,1.0,0
906,1.0,0
907,1.0,0
908,1.0,0
909,1.0,0
910,1.0,0
911,1.0,0
912,1.0,0
913,1.0,0
914,1.0,4
915,1.0,0
916,1.0,0
917,1.0,0
918,1.0,0
919,1.0,0
920,1.0,0
921,1.0,0
922,1.0,0
923,1.0,0
924,1.0,0
925,1.0,0
926,1.0,0
927,1.0,0
928,1.0,0
929,1.0,0
930,1.0,0
931,1.0,0
932,1.0,0
933,1.0,0
934,1.0,0
935,1.0,0
936,1.0,0
937,1.0,0
938,1.0,0
939,1.0,0
940,1.0,0
941,1.0,0
942,1.0,4
943,1.0,4
944,1.0,4
945,1.0,4
946,1.0,0
947,1.0,0
948,1.0,0
949,1.0,0
950,1.0,0
951,1.0,0
952,1.0,0
953,1.0,0
954,1.0,0
955,1.0,4
956,1.0,0
957,1.0,4
958,1.0,0
959,1.0,0
960,1.0,0
961,1.0,4
962,1.0,0
963,1.0,0
964,1.0,0
965,1.0,0
966,1.0,0
967,1.0,0
968,1.0,0
969,1.0,0
970,1.0,0
971,1.0,0
972,1.0,0
973,1.0,0
974,1.0,0
975,1.0,0
976,1.0,0
977,1.0,4
978,1.0,0
979,1.0,0
980,1.0,0
981,1.0,0
982,1.0,0
983,1.0,0
984,1.0,0
985,1.0,0
986,1.0,0
987,1.0,0
988,1.0,4
989,1.0,0
990,1.0,0
991,1.0,4
992,1.0,0
993,1.0,0
994,1.0,4
995,1.0,0
996,1.0,0
997,1.0,0
998,1.0,0
999,1.0,0
1000,2.0,1
1001,2.0,1
1002,2.0,1
1003,2.0,1
1004,2.0,1
1005,2.0,1
1006,2.0,1
1007,2.0,1
1008,2.0,1
1009,2.0,1
1010,2.0,1
1011,2.0,1
1012,2.0,1
1013,2.0,1
1014,2.0,1
1015,2.0,1
1016,2.0,1
1017,2.0,1
1018,2.0,1
1019,2.0,1
1020,2.0,1
1021,2.0,1
1022,2.0,1
1023,2.0,1
1024,2.0,1
1025,2.0,1
1026,2.0,1
1027,2.0,1
1028,2.0,1
1029,2.0,1
1030,2.0,1
1031,2.0,1
1032,2.0,1
1033,2.0,1
1034,2.0,1
1035,2.0,1
1036,2.0,1
1037,2.0,1
1038,2.0,1
1039,2.0,1
1040,2.0,1
1041,2.0,1
1042,2.0,1
1043,2.0,1
1044,2.0,1
1045,2.0,1
1046,2.0,1
1047,2.0,1
1048,2.0,1
1049,2.0,1
1050,2.0,1
1051,2.0,1
1052,2.0,1
1053,2.0,1
1054,2.0,1
1055,2.0,1
1056,2.0,1
1057,2.0,1
1058,2.0,1
1059,2.0,1
1060,2.0,1
1061,2.0,1
1062,2.0,1
1063,2.0,1
1064,2.0,1
1065,2.0,1
1066,2.0,1
1067,2.0,1
1068,2.0,1
1069,2.0,1
1070,2.0,1
1071,2.0,1
1072,2.0,1
1073,2.0,1
1074,2.0,1
1075,2.0,1
1076,2.0,1
1077,2.0,1
1078,2.0,1
1079,2.0,1
1080,2.0,1
1081,2.0,1
1082,2.0,1
1083,2.0,1
1084,2.0,1
1085,2.0,1
1086,2.0,1
1087,2.0,1
1088,2.0,1
1089,2.0,1
1090,2.0,1
1091,2.0,1
1092,2.0,1
1093,2.0,1
1094,2.0,1
1095,2.0,1
1096,2.0,1
1097,2.0,1
1098,2.0,1
1099,2.0,1
1100,2.0,1
1101,2.0,1
1102,2.0,1
1103,2.0,1
1104,2.0,1
1105,2.0,1
1106,2.0,1
1107,2.0,1
1108,2.0,1
1109,2.0,1
1110,2.0,1
1111,2.0,1
1112,2.0,1
1113,2.0,1
1114,2.0,1
1115,2.0,1
1116,2.0,1
1117,2.0,1
1118,2.0,1
1119,2.0,1
1120,2.0,1
1121,2.0,1
1122,2.0,1
1123,2.0,1
1124,2.0,1
1125,2.0,1
1126,2.0,1
1127,2.0,1
1128,2.0,1
1129,2.0,1
1130,2.0,1
1131,2.0,1
1132,2.0,1
1133,2.0,1
1134,2.0,1
1135,2.0,1
1136,2.0,1
1137,2.0,1
1138,2.0,1
1139,2.0,1
1140,2.0,1
1141,2.0,1
1142,2.0,1
1143,2.0,1
1144,2.0,1
1145,2.0,1
1146,2.0,1
1147,2.0,1
1148,2.0,1
1149,2.0,1
1150,2.0,1
1151,2.0,1
1152,2.0,1
1153,2.0,1
1154,2.0,1
1155,2.0,1
1156,2.0,1
1157,2.0,1
1158,2.0,1
1159,2.0,1
1160,2.0,1
1161,2.0,1
1162,2.0,1
1163,2.0,1
1164,2.0,1
1165,2.0,1
1166,2.0,1
1167,2.0,1
1168,2.0,1
1169,2.0,1
1170,2.0,1
1171,2.0,1
1172,2.0,1
1173,2.0,1
1174,2.0,1
1175,2.0,1
1176,2.0,1
1177,2.0,1
1178,2.0,1
1179,2.0,1
1180,2.0,1
1181,2.0,1
1182,2.0,1
1183,2.0,1
1184,2.0,1
1185,2.0,1
1186,2.0,1
1187,2.0,1
1188,2.0,1
1189,2.0,1
1190,2.0,1
1191,2.0,1
1192,2.0,1
1193,2.0,1
1194,2.0,1
1195,2.0,1
1196,2.0,1
1197,2.0,1
1198,2.0,1
1199,2.0,1
1200,2.0,1
1201,2.0,1
1202,2.0,1
1203,2.0,1
1204,2.0,1
1205,2.0,1
1206,2.0,1
1207,2.0,1
1208,2.0,1
1209,2.0,1
1210,2.0,1
1211,2.0,1
1212,2.0,1
1213,2.0,1
1214,2.0,1
1215,2.0,1
1216,2.0,1
1217,2.0,1
1218,2.0,1
1219,2.0,1
1220,2.0,1
1221,2.0,1
1222,2.0,1
1223,2.0,1
1224,2.0,1
1225,2.0,1
1226,2.0,1
1227,2.0,1
1228,2.0,1
1229,2.0,1
1230,2.0,1
1231,2.0,1
1232,2.0,1
1233,2.0,1
1234,2.0,1
1235,2.0,1
1236,2.0,1
1237,2.0,1
1238,2.0,1
1239,2.0,1
1240,2.0,1
1241,2.0,1
1242,2.0,1
1243,2.0,1
1244,2.0,1
1245,2.0,1
1246,2.0,1
1247,2.0,1
1248,2.0,1
1249,2.0,1
1250,2.0,1
1251,2.0,1
1252,2.0,1
1253,2.0,1
1254,2.0,1
1255,2.0,1
1256,2.0,1
1257,2.0,1
1258,2.0,1
1259,2.0,1
1260,2.0,1
1261,2.0,1
1262,2.0,1
1263,2.0,1
1264,2.0,1
1265,2.0,1
1266,2.0,1
1267,2.0,1
1268,2.0,1
1269,2.0,1
1270,2.0,1
1271,2.0,1
1272,2.0,1
1273,2.0,1
1274,2.0,1
1275,2.0,1
1276,2.0,1
1277,2.0,1
1278,2.0,1
1279,2.0,1
1280,2.0,1
1281,2.0,1
1282,2.0,1
1283,2.0,1
1284,2.0,1
1285,2.0,1
1286,2.0,1
1287,2.0,1
1288,2.0,1
1289,2.0,1
1290,2.0,1
1291,2.0,1
1292,2.0,1
1293,2.0,1
1294,2.0,1
1295,2.0,1
1296,2.0,1
1297,2.0,1
1298,2.0,1
1299,2.0,1
1300,2.0,1
1301,2.0,1
1302,2.0,1
1303,2.0,1
1304,2.0,1
1305,2.0,1
1306,2.0,1
1307,2.0,1
1308,2.0,1
1309,2.0,1
1310,2.0,1
1311,2.0,1
1312,2.0,1
1313,2.0,1
1314,2.0,1
1315,2.0,1
1316,2.0,1
1317,2.0,1
1318,2.0,1
1319,2.0,1
1320,2.0,1
1321,2.0,1
1322,2.0,1
1323,2.0,1
1324,2.0,1
1325,2.0,1
1326,2.0,1
1327,2.0,1
1328,2.0,1
1329,2.0,1
1330,2.0,1
1331,2.0,1
1332,2.0,1
1333,2.0,1
1334,2.0,1
1335,2.0,1
1336,2.0,1
1337,2.0,1
1338,2.0,1
1339,2.0,1
1340,2.0,1
1341,2.0,1
1342,2.0,1
1343,2.0,1
1344,2.0,1
1345,2.0,1
1346,2.0,1
1347,2.0,1
1348,2.0,1
1349,2.0,1
1350,2.0,1
1351,2.0,1
1352,2.0,1
1353,2.0,1
1354,2.0,1
1355,2.0,1
1356,2.0,1
1357,2.0,1
1358,2.0,1
1359,2.0,1
1360,2.0,1
1361,2.0,1
1362,2.0,1
1363,2.0,1
1364,2.0,1
1365,2.0,1
1366,2.0,1
1367,2.0,1
1368,2.0,1
1369,2.0,1
1370,2.0,1
1371,2.0,1
1372,2.0,1
1373,2.0,1
1374,2.0,1
1375,2.0,1
1376,2.0,1
1377,2.0,1
1378,2.0,1
1379,2.0,1
1380,2.0,1
1381,2.0,1
1382,2.0,1
1383,2.0,1
1384,2.0,1
1385,2.0,1
1386,2.0,1
1387,2.0,1
1388,2.0,1
1389,2.0,1
1390,2.0,1
1391,2.0,1
1392,2.0,1
1393,2.0,1
1394,2.0,1
1395,2.0,1
1396,2.0,1
1397,2.0,1
1398,2.0,1
1399,2.0,1
1400,2.0,1
1401,2.0,1
1402,2.0,1
1403,2.0,1
1404,2.0,1
1405,2.0,1
1406,2.0,1
1407,2.0,1
1408,2.0,1
1409,2.0,1
1410,2.0,1
1411,2.0,1
1412,2.0,1
1413,2.0,1
1414,2.0,1
1415,2.0,1
1416,2.0,1
1417,2.0,1
1418,2.0,1
1419,2.0,1
1420,2.0,1
1421,2.0,1
1422,2.0,1
1423,2.0,1
1424,2.0,1
1425,2.0,1
1426,2.0,1
1427,2.0,1
1428,2.0,1
1429,2.0,1
1430,2.0,1
1431,2.0,1
1432,2.0,1
1433,2.0,1
1434,2.0,1
1435,2.0,1
1436,2.0,1
1437,2.0,1
1438,2.0,1
1439,2.0,1
1440,2.0,1
1441,2.0,1
1442,2.0,1
1443,2.0,1
1444,2.0,1
1445,2.0,1
1446,2.0,1
1447,2.0,1
1448,2.0,1
1449,2.0,1
1450,2.0,1
1451,2.0,1
1452,2.0,1
1453,2.0,1
1454,2.0,1
1455,2.0,1
1456,2.0,1
1457,2.0,1
1458,2.0,1
1459,2.0,1
1460,2.0,1
1461,2.0,1
1462,2.0,1
1463,2.0,1
1464,2.0,1
1465,2.0,1
1466,2.0,1
1467,2.0,1
1468,2.0,1
1469,2.0,1
1470,2.0,1
1471,2.0,1
1472,2.0,1
1473,2.0,1
1474,2.0,1
1475,2.0,1
1476,2.0,1
1477,2.0,1
1478,2.0,1
1479,2.0,1
1480,2.0,1
1481,2.0,1
1482,2.0,1
1483,2.0,1
1484,2.0,1
1485,2.0,1
1486,2.0,1
1487,2.0,1
1488,2.0,1
1489,2.0,1
1490,2.0,1
1491,2.0,1
1492,2.0,1
1493,2.0,1
1494,2.0,1
1495,2.0,1
1496,2.0,1
1497,2.0,1
1498,2.0,1
1499,2.0,1
1500,2.0,1
1501,2.0,1
1502,2.0,1
1503,2.0,1
1504,2.0,1
1505,2.0,1
1506,2.0,1
1507,2.0,1
1508,2.0,1
1509,2.0,1
1510,2.0,1
1511,2.0,1
1512,2.0,1
1513,2.0,1
1514,2.0,1
1515,2.0,1
1516,2.0,1
1517,2.0,1
1518,2.0,1
1519,2.0,1
1520,2.0,1
1521,2.0,1
1522,2.0,1
1523,2.0,1
1524,2.0,1
1525,2.0,1
1526,2.0,1
1527,2.0,1
1528,2.0,1
1529,2.0,1
1530,2.0,1
1531,2.0,1
1532,2.0,1
1533,2.0,1
1534,2.0,1
1535,2.0,1
1536,2.0,1
1537,2.0,1
1538,2.0,1
1539,2.0,1
1540,2.0,1
1541,2.0,1
1542,2.0,1
1543,2.0,1
1544,2.0,1
1545,2.0,1
1546,2.0,1
1547,2.0,1
1548,2.0,1
1549,2.0,1
1550,2.0,1
1551,2.0,1
1552,2.0,1
1553,2.0,1
1554,2.0,1
1555,2.0,1
1556,2.0,1
1557,2.0,1
1558,2.0,1
1559,2.0,1
1560,2.0,1
1561,2.0,1
1562,2.0,1
1563,2.0,1
1564,2.0,1
1565,2.0,1
1566,2.0,1
1567,2.0,1
1568,2.0,1
1569,2.0,1
1570,2.0,1
1571,2.0,1
1572,2.0,1
1573,2.0,1
1574,2.0,1
1575,2.0,1
1576,2.0,1
1577,2.0,1
1578,2.0,1
1579,2.0,1
1580,2.0,1
1581,2.0,1
1582,2.0,1
1583,2.0,1
1584,2.0,1
1585,2.0,1
1586,2.0,1
1587,2.0,1
1588,2.0,1
1589,2.0,1
1590,2.0,1
1591,2.0,1
1592,2.0,1
1593,2.0,1
1594,2.0,1
1595,2.0,1
1596,2.0,1
1597,2.0,1
1598,2.0,1
1599,2.0,1
1600,2.0,1
1601,2.0,1
1602,2.0,1
1603,2.0,1
1604,2.0,1
1605,2.0,1
1606,2.0,1
1607,2.0,1
1608,2.0,1
1609,2.0,1
1610,2.0,1
1611,2.0,1
1612,2.0,1
1613,2.0,1
1614,2.0,1
1615,2.0,1
1616,2.0,1
1617,2.0,1
1618,2.0,1
1619,2.0,1
1620,2.0,1
1621,2.0,1
1622,2.0,1
1623,2.0,1
1624,2.0,1
1625,2.0,1
1626,2.0,1
1627,2.0,1
1628,2.0,1
1629,2.0,1
1630,2.0,1
1631,2.0,1
1632,2.0,1
1633,2.0,1
1634,2.0,1
1635,2.0,1
1636,2.0,1
1637,2.0,1
1638,2.0,1
1639,2.0,1
1640,2.0,1
1641,2.0,1
1642,2.0,1
1643,2.0,1
1644,2.0,1
1645,2.0,1
1646,2.0,1
1647,2.0,1
1648,2.0,1
1649,2.0,1
1650,2.0,1
1651,2.0,1
1652,2.0,1
1653,2.0,1
1654,2.0,1
1655,2.0,1
1656,2.0,1
1657,2.0,1
1658,2.0,1
1659,2.0,1
1660,2.0,1
1661,2.0,1
1662,2.0,1
1663,2.0,1
1664,2.0,1
1665,2.0,1
1666,2.0,1
1667,2.0,1
1668,2.0,1
1669,2.0,1
1670,2.0,1
1671,2.0,1
1672,2.0,1
1673,2.0,1
1674,2.0,1
1675,2.0,1
1676,2.0,1
1677,2.0,1
1678,2.0,1
1679,2.0,1
1680,2.0,1
1681,2.0,1
1682,2.0,1
1683,2.0,1
1684,2.0,1
1685,2.0,1
1686,2.0,1
1687,2.0,1
1688,2.0,1
1689,2.0,1
1690,2.0,1
1691,2.0,1
1692,2.0,1
1693,2.0,1
1694,2.0,1
1695,2.0,1
1696,2.0,1
1697,2.0,1
1698,2.0,1
1699,2.0,1
1700,2.0,1
1701,2.0,1
1702,2.0,1
1703,2.0,1
1704,2.0,1
1705,2.0,1
1706,2.0,1
1707,2.0,1
1708,2.0,1
1709,2.0,1
1710,2.0,1
1711,2.0,1
1712,2.0,1
1713,2.0,1
1714,2.0,1
1715,2.0,1
1716,2.0,1
1717,2.0,1
1718,2.0,1
1719,2.0,1
1720,2.0,1
1721,2.0,1
1722,2.0,1
1723,2.0,1
1724,2.0,1
1725,2.0,1
1726,2.0,1
1727,2.0,1
1728,2.0,1
1729,2.0,1
1730,2.0,1
1731,2.0,1
1732,2.0,1
1733,2.0,1
1734,2.0,1
1735,2.0,1
1736,2.0,1
1737,2.0,1
1738,2.0,1
1739,2.0,1
1740,2.0,1
1741,2.0,1
1742,2.0,1
1743,2.0,1
1744,2.0,1
1745,2.0,1
1746,2.0,1
1747,2.0,1
1748,2.0,1
1749,2.0,1
1750,2.0,1
1751,2.0,1
1752,2.0,1
1753,2.0,1
1754,2.0,1
1755,2.0,1
1756,2.0,1
1757,2.0,1
1758,2.0,1
1759,2.0,1
1760,2.0,1
1761,2.0,1
1762,2.0,1
1763,2.0,1
1764,2.0,1
1765,2.0,1
1766,2.0,1
1767,2.0,1
1768,2.0,1
1769,2.0,1
1770,2.0,1
1771,2.0,1
1772,2.0,1
1773,2.0,1
1774,2.0,1
1775,2.0,1
1776,2.0,1
1777,2.0,1
1778,2.0,1
1779,2.0,1
1780,2.0,1
1781,2.0,1
1782,2.0,1
1783,2.0,1
1784,2.0,1
1785,2.0,1
1786,2.0,1
1787,2.0,1
1788,2.0,1
1789,2.0,1
1790,2.0,1
1791,2.0,1
1792,2.0,1
1793,2.0,1
1794,2.0,1
1795,2.0,1
1796,2.0,1
1797,2.0,1
1798,2.0,1
1799,2.0,1
1800,2.0,1
1801,2.0,1
1802,2.0,1
1803,2.0,1
1804,2.0,1
1805,2.0,1
1806,2.0,1
1807,2.0,1
1808,2.0,1
1809,2.0,1
1810,2.0,1
1811,2.0,1
1812,2.0,1
1813,2.0,1
1814,2.0,1
1815,2.0,1
1816,2.0,1
1817,2.0,1
1818,2.0,1
1819,2.0,1
1820,2.0,1
1821,2.0,1
1822,2.0,1
1823,2.0,1
1824,2.0,1
1825,2.0,1
1826,2.0,1
1827,2.0,1
1828,2.0,1
1829,2.0,1
1830,2.0,1
1831,2.0,1
1832,2.0,1
1833,2.0,1
1834,2.0,1
1835,2.0,1
1836,2.0,1
1837,2.0,1
1838,2.0,1
1839,2.0,1
1840,2.0,1
1841,2.0,1
1842,2.0,1
1843,2.0,1
1844,2.0,1
1845,2.0,1
1846,2.0,1
1847,2.0,1
1848,2.0,1
1849,2.0,1
1850,2.0,1
1851,2.0,1
1852,2.0,1
1853,2.0,1
1854,2.0,1
1855,2.0,1
1856,2.0,1
1857,2.0,1
1858,2.0,1
1859,2.0,1
1860,2.0,1
1861,2.0,1
1862,2.0,1
1863,2.0,1
1864,2.0,1
1865,2.0,1
1866,2.0,1
1867,2.0,1
1868,2.0,1
1869,2.0,1
1870,2.0,1
1871,2.0,1
1872,2.0,1
1873,2.0,1
1874,2.0,1
1875,2.0,1
1876,2.0,1
1877,2.0,1
1878,2.0,1
1879,2.0,1
1880,2.0,1
1881,2.0,1
1882,2.0,1
1883,2.0,1
1884,2.0,1
1885,2.0,1
1886,2.0,1
1887,2.0,1
1888,2.0,1
1889,2.0,1
1890,2.0,1
1891,2.0,1
1892,2.0,1
1893,2.0,1
1894,2.0,1
1895,2.0,1
1896,2.0,1
1897,2.0,1
1898,2.0,1
1899,2.0,1
1900,2.0,1
1901,2.0,1
1902,2.0,1
1903,2.0,1
1904,2.0,1
1905,2.0,1
1906,2.0,1
1907,2.0,1
1908,2.0,1
1909,2.0,1
1910,2.0,1
1911,2.0,1
1912,2.0,1
1913,2.0,1
1914,2.0,1
1915,2.0,1
1916,2.0,1
1917,2.0,1
1918,2.0,1
1919,2.0,1
1920,2.0,1
1921,2.0,1
1922,2.0,1
1923,2.0,1
1924,2.0,1
1925,2.0,1
1926,2.0,1
1927,2.0,1
1928,2.0,1
1929,2.0,1
1930,2.0,1
1931,2.0,1
1932,2.0,1
1933,2.0,1
1934,2.0,1
1935,2.0,1
1936,2.0,1
1937,2.0,1
1938,2.0,1
1939,2.0,1
1940,2.0,1
1941,2.0,1
1942,2.0,1
1943,2.0,1
1944,2.0,1
1945,2.0,1
1946,2.0,1
1947,2.0,1
1948,2.0,1
1949,2.0,1
1950,2.0,1
1951,2.0,1
1952,2.0,1
1953,2.0,1
1954,2.0,1
1955,2.0,1
1956,2.0,1
1957,2.0,1
1958,2.0,1
1959,2.0,1
1960,2.0,1
1961,2.0,1
1962,2.0,1
1963,2.0,1
1964,2.0,1
1965,2.0,1
1966,2.0,1
1967,2.0,1
1968,2.0,1
1969,2.0,1
1970,2.0,1
1971,2.0,1
1972,2.0,1
1973,2.0,1
1974,2.0,1
1975,2.0,1
1976,2.0,1
1977,2.0,1
1978,2.0,1
1979,2.0,1
1980,2.0,1
1981,2.0,1
1982,2.0,1
1983,2.0,1
1984,2.0,1
1985,2.0,1
1986,2.0,1
1987,2.0,1
1988,2.0,1
1989,2.0,1
1990,2.0,1
1991,2.0,1
1992,2.0,1
1993,2.0,1
1994,2.0,1
1995,2.0,1
1996,2.0,1
1997,2.0,1
1998,2.0,1
1999,2.0,1
2000,3.0,1
2001,3.0,1
2002,3.0,1
2003,3.0,0
2004,3.0,0
2005,3.0,1
2006,3.0,1
2007,3.0,0
2008,3.0,0
2009,3.0,1
2010,3.0,0
2011,3.0,0
2012,3.0,0
2013,3.0,1
2014,3.0,0
2015,3.0,1
2016,3.0,0
2017,3.0,1
2018,3.0,0
2019,3.0,1
2020,3.0,1
2021,3.0,1
2022,3.0,1
2023,3.0,0
2024,3.0,1
2025,3.0,0
2026,3.0,0
2027,3.0,0
2028,3.0,0
2029,3.0,0
2030,3.0,0
2031,3.0,0
2032,3.0,0
2033,3.0,0
2034,3.0,0
2035,3.0,1
2036,3.0,2
2037,3.0,1
2038,3.0,1
2039,3.0,0
2040,3.0,1
2041,3.0,0
2042,3.0,1
2043,3.0,0
2044,3.0,1
2045,3.0,0
2046,3.0,1
2047,3.0,1
2048,3.0,0
2049,3.0,1
2050,3.0,1
2051,3.0,1
2052,3.0,1
2053,3.0,4
2054,3.0,0
2055,3.0,0
2056,3.0,1
2057,3.0,0
2058,3.0,1
2059,3.0,1
2060,3.0,1
2061,3.0,0
2062,3.0,1
2063,3.0,0
2064,3.0,0
2065,3.0,1
2066,3.0,1
2067,3.0,1
2068,3.0,1
2069,3.0,4
2070,3.0,0
2071,3.0,1
2072,3.0,0
2073,3.0,0
2074,3.0,0
2075,3.0,0
2076,3.0,0
2077,3.0,1
2078,3.0,0
2079,3.0,0
2080,3.0,0
2081,3.0,1
2082,3.0,1
2083,3.0,2
2084,3.0,0
2085,3.0,0
2086,3.0,1
2087,3.0,0
2088,3.0,1
2089,3.0,0
2090,3.0,1
2091,3.0,0
2092,3.0,0
2093,3.0,0
2094,3.0,1
2095,3.0,0
2096,3.0,1
2097,3.0,1
2098,3.0,0
2099,3.0,1
2100,3.0,0
2101,3.0,0
2102,3.0,0
2103,3.0,2
2104,3.0,0
2105,3.0,1
2106,3.0,0
2107,3.0,1
2108,3.0,1
2109,3.0,0
2110,3.0,0
2111,3.0,0
2112,3.0,0
2113,3.0,0
2114,3.0,0
2115,3.0,1
2116,3.0,1
2117,3.0,1
2118,3.0,1
2119,3.0,1
2120,3.0,1
2121,3.0,1
2122,3.0,0
2123,3.0,1
2124,3.0,1
2125,3.0,0
2126,3.0,0
2127,3.0,4
2128,3.0,1
2129,3.0,1
2130,3.0,1
2131,3.0,1
2132,3.0,1
2133,3.0,0
2134,3.0,1
2135,3.0,1
2136,3.0,2
2137,3.0,0
2138,3.0,1
2139,3.0,0
2140,3.0,1
2141,3.0,0
2142,3.0,4
2143,3.0,0
2144,3.0,1
2145,3.0,1
2146,3.0,1
2147,3.0,4
2148,3.0,0
2149,3.0,1
2150,3.0,1
2151,3.0,4
2152,3.0,0
2153,3.0,0
2154,3.0,1
2155,3.0,0
2156,3.0,1
2157,3.0,1
2158,3.0,1
2159,3.0,1
2160,3.0,0
2161,3.0,1
2162,3.0,0
2163,3.0,4
2164,3.0,4
2165,3.0,1
2166,3.0,1
2167,3.0,0
2168,3.0,1
2169,3.0,0
2170,3.0,0
2171,3.0,1
2172,3.0,4
2173,3.0,1
2174,3.0,1
2175,3.0,2
2176,3.0,1
2177,3.0,0
2178,3.0,0
2179,3.0,1
2180,3.0,1
2181,3.0,0
2182,3.0,0
2183,3.0,0
2184,3.0,1
2185,3.0,0
2186,3.0,0
2187,3.0,2
2188,3.0,0
2189,3.0,0
2190,3.0,1
2191,3.0,1
2192,3.0,0
2193,3.0,0
2194,3.0,0
2195,3.0,0
2196,3.0,1
2197,3.0,0
2198,3.0,1
2199,3.0,1
2200,3.0,0
2201,3.0,1
2202,3.0,1
2203,3.0,1
2204,3.0,0
2205,3.0,1
2206,3.0,1
2207,3.0,1
2208,3.0,0
2209,3.0,1
2210,3.0,0
2211,3.0,1
2212,3.0,0
2213,3.0,1
2214,3.0,1
2215,3.0,0
2216,3.0,1
2217,3.0,1
2218,3.0,1
2219,3.0,1
2220,3.0,4
2221,3.0,0
2222,3.0,0
2223,3.0,1
2224,3.0,4
2225,3.0,0
2226,3.0,0
2227,3.0,0
2228,3.0,0
2229,3.0,1
2230,3.0,1
2231,3.0,0
2232,3.0,0
2233,3.0,0
2234,3.0,0
2235,3.0,1
2236,3.0,1
2237,3.0,0
2238,3.0,1
2239,3.0,0
2240,3.0,1
2241,3.0,0
2242,3.0,1
2243,3.0,1
2244,3.0,0
2245,3.0,1
2246,3.0,0
2247,3.0,0
2248,3.0,0
2249,3.0,0
2250,3.0,1
2251,3.0,1
2252,3.0,1
2253,3.0,1
2254,3.0,1
2255,3.0,1
2256,3.0,1
2257,3.0,0
2258,3.0,1
2259,3.0,1
2260,3.0,0
2261,3.0,0
2262,3.0,1
2263,3.0,1
2264,3.0,1
2265,3.0,0
2266,3.0,2
2267,3.0,1
2268,3.0,0
2269,3.0,1
2270,3.0,0
2271,3.0,1
2272,3.0,4
2273,3.0,1
2274,3.0,0
2275,3.0,4
2276,3.0,0
2277,3.0,0
2278,3.0,1
2279,3.0,0
2280,3.0,1
2281,3.0,1
2282,3.0,1
2283,3.0,4
2284,3.0,1
2285,3.0,1
2286,3.0,1
2287,3.0,1
2288,3.0,4
2289,3.0,0
2290,3.0,1
2291,3.0,1
2292,3.0,0
2293,3.0,0
2294,3.0,1
2295,3.0,4
2296,3.0,1
2297,3.0,0
2298,3.0,1
2299,3.0,1
2300,3.0,0
2301,3.0,1
2302,3.0,1
2303,3.0,1
2304,3.0,1
2305,3.0,1
2306,3.0,0
2307,3.0,0
2308,3.0,0
2309,3.0,0
2310,3.0,1
2311,3.0,1
2312,3.0,1
2313,3.0,1
2314,3.0,1
2315,3.0,0
2316,3.0,1
2317,3.0,2
2318,3.0,1
2319,3.0,0
2320,3.0,1
2321,3.0,1
2322,3.0,0
2323,3.0,0
2324,3.0,0
2325,3.0,4
2326,3.0,4
2327,3.0,4
2328,3.0,1
2329,3.0,1
2330,3.0,0
2331,3.0,0
2332,3.0,0
2333,3.0,4
2334,3.0,1
2335,3.0,1
2336,3.0,1
2337,3.0,0
2338,3.0,1
2339,3.0,1
2340,3.0,4
2341,3.0,1
2342,3.0,2
2343,3.0,0
2344,3.0,1
2345,3.0,0
2346,3.0,1
2347,3.0,0
2348,3.0,0
2349,3.0,1
2350,3.0,1
2351,3.0,0
2352,3.0,0
2353,3.0,1
2354,3.0,0
2355,3.0,0
2356,3.0,0
2357,3.0,0
2358,3.0,0
2359,3.0,1
2360,3.0,1
2361,3.0,0
2362,3.0,1
2363,3.0,1
2364,3.0,4
2365,3.0,4
2366,3.0,0
2367,3.0,0
2368,3.0,1
2369,3.0,1
2370,3.0,0
2371,3.0,1
2372,3.0,0
2373,3.0,1
2374,3.0,1
2375,3.0,4
2376,3.0,1
2377,3.0,0
2378,3.0,0
2379,3.0,1
2380,3.0,1
2381,3.0,1
2382,3.0,0
2383,3.0,0
2384,3.0,1
2385,3.0,1
2386,3.0,1
2387,3.0,0
2388,3.0,0
2389,3.0,0
2390,3.0,1
2391,3.0,1
2392,3.0,0
2393,3.0,1
2394,3.0,2
2395,3.0,0
2396,3.0,1
2397,3.0,1
2398,3.0,0
2399,3.0,0
2400,3.0,1
2401,3.0,1
2402,3.0,0
2403,3.0,1
2404,3.0,4
2405,3.0,1
2406,3.0,0
2407,3.0,1
2408,3.0,1
2409,3.0,1
2410,3.0,4
2411,3.0,0
2412,3.0,1
2413,3.0,0
2414,3.0,0
2415,3.0,0
2416,3.0,0
2417,3.0,0
2418,3.0,0
2419,3.0,1
2420,3.0,0
2421,3.0,1
2422,3.0,0
2423,3.0,0
2424,3.0,1
2425,3.0,0
2426,3.0,0
2427,3.0,0
2428,3.0,0
2429,3.0,0
2430,3.0,1
2431,3.0,2
2432,3.0,1
2433,3.0,0
2434,3.0,0
2435,3.0,0
2436,3.0,1
2437,3.0,0
2438,3.0,0
2439,3.0,1
2440,3.0,0
2441,3.0,1
2442,3.0,4
2443,3.0,1
2444,3.0,1
2445,3.0,1
2446,3.0,0
2447,3.0,1
2448,3.0,0
2449,3.0,0
2450,3.0,0
2451,3.0,1
2452,3.0,1
2453,3.0,0
2454,3.0,0
2455,3.0,1
2456,3.0,1
2457,3.0,1
2458,3.0,0
2459,3.0,1
2460,3.0,1
2461,3.0,2
2462,3.0,1
2463,3.0,0
2464,3.0,0
2465,3.0,1
2466,3.0,1
2467,3.0,0
2468,3.0,4
2469,3.0,2
2470,3.0,0
2471,3.0,0
2472,3.0,1
2473,3.0,0
2474,3.0,1
2475,3.0,0
2476,3.0,0
2477,3.0,0
2478,3.0,1
2479,3.0,0
2480,3.0,1
2481,3.0,1
2482,3.0,1
2483,3.0,4
2484,3.0,1
2485,3.0,1
2486,3.0,1
2487,3.0,0
2488,3.0,1
2489,3.0,1
2490,3.0,1
2491,3.0,0
2492,3.0,1
2493,3.0,2
2494,3.0,0
2495,3.0,0
2496,3.0,1
2497,3.0,0
2498,3.0,0
2499,3.0,1
2500,3.0,0
2501,3.0,1
2502,3.0,0
2503,3.0,1
2504,3.0,1
2505,3.0,0
2506,3.0,1
2507,3.0,0
2508,3.0,1
2509,3.0,1
2510,3.0,0
2511,3.0,0
2512,3.0,4
2513,3.0,0
2514,3.0,1
2515,3.0,2
2516,3.0,0
2517,3.0,0
2518,3.0,1
2519,3.0,1
2520,3.0,1
2521,3.0,0
2522,3.0,0
2523,3.0,0
2524,3.0,0
2525,3.0,1
2526,3.0,1
2527,3.0,0
2528,3.0,0
2529,3.0,1
2530,3.0,0
2531,3.0,1
2532,3.0,1
2533,3.0,0
2534,3.0,1
2535,3.0,1
2536,3.0,0
2537,3.0,0
2538,3.0,1
2539,3.0,0
2540,3.0,0
2541,3.0,4
2542,3.0,1
2543,3.0,1
2544,3.0,0
2545,3.0,1
2546,3.0,0
2547,3.0,0
2548,3.0,0
2549,3.0,1
2550,3.0,1
2551,3.0,1
2552,3.0,1
2553,3.0,0
2554,3.0,0
2555,3.0,0
2556,3.0,1
2557,3.0,0
2558,3.0,1
2559,3.0,0
2560,3.0,0
2561,3.0,0
2562,3.0,1
2563,3.0,1
2564,3.0,1
2565,3.0,0
2566,3.0,0
2567,3.0,0
2568,3.0,0
2569,3.0,0
2570,3.0,0
2571,3.0,4
2572,3.0,0
2573,3.0,1
2574,3.0,1
2575,3.0,0
2576,3.0,1
2577,3.0,1
2578,3.0,1
2579,3.0,1
2580,3.0,1
2581,3.0,1
2582,3.0,1
2583,3.0,1
2584,3.0,1
2585,3.0,0
2586,3.0,0
2587,3.0,1
2588,3.0,1
2589,3.0,0
2590,3.0,0
2591,3.0,0
2592,3.0,0
2593,3.0,1
2594,3.0,0
2595,3.0,0
2596,3.0,4
2597,3.0,0
2598,3.0,4
2599,3.0,0
2600,3.0,0
2601,3.0,1
2602,3.0,1
2603,3.0,1
2604,3.0,1
2605,3.0,0
2606,3.0,1
2607,3.0,0
2608,3.0,0
2609,3.0,1
2610,3.0,0
2611,3.0,1
2612,3.0,0
2613,3.0,1
2614,3.0,0
2615,3.0,0
2616,3.0,1
2617,3.0,0
2618,3.0,0
2619,3.0,0
2620,3.0,1
2621,3.0,1
2622,3.0,0
2623,3.0,1
2624,3.0,1
2625,3.0,0
2626,3.0,0
2627,3.0,1
2628,3.0,1
2629,3.0,1
2630,3.0,0
2631,3.0,1
2632,3.0,1
2633,3.0,1
2634,3.0,4
2635,3.0,1
2636,3.0,0
2637,3.0,1
2638,3.0,1
2639,3.0,1
2640,3.0,1
2641,3.0,1
2642,3.0,1
2643,3.0,1
2644,3.0,0
2645,3.0,0
2646,3.0,1
2647,3.0,4
2648,3.0,1
2649,3.0,1
2650,3.0,1
2651,3.0,1
2652,3.0,1
2653,3.0,0
2654,3.0,1
2655,3.0,0
2656,3.0,0
2657,3.0,1
2658,3.0,0
2659,3.0,0
2660,3.0,1
2661,3.0,0
2662,3.0,1
2663,3.0,1
2664,3.0,4
2665,3.0,1
2666,3.0,1
2667,3.0,2
2668,3.0,1
2669,3.0,0
2670,3.0,1
2671,3.0,0
2672,3.0,0
2673,3.0,0
2674,3.0,4
2675,3.0,1
2676,3.0,4
2677,3.0,1
2678,3.0,4
2679,3.0,1
2680,3.0,0
2681,3.0,1
2682,3.0,1
2683,3.0,2
2684,3.0,1
2685,3.0,0
2686,3.0,4
2687,3.0,0
2688,3.0,1
2689,3.0,1
2690,3.0,1
2691,3.0,0
2692,3.0,1
2693,3.0,0
2694,3.0,1
2695,3.0,1
2696,3.0,1
2697,3.0,1
2698,3.0,0
2699,3.0,0
2700,3.0,2
2701,3.0,1
2702,3.0,1
2703,3.0,1
2704,3.0,0
2705,3.0,2
2706,3.0,1
2707,3.0,1
2708,3.0,1
2709,3.0,1
2710,3.0,0
2711,3.0,1
2712,3.0,2
2713,3.0,1
2714,3.0,0
2715,3.0,1
2716,3.0,1
2717,3.0,1
2718,3.0,1
2719,3.0,1
2720,3.0,1
2721,3.0,1
2722,3.0,4
2723,3.0,1
2724,3.0,1
2725,3.0,1
2726,3.0,4
2727,3.0,1
2728,3.0,1
2729,3.0,1
2730,3.0,1
2731,3.0,1
2732,3.0,1
2733,3.0,1
2734,3.0,0
2735,3.0,0
2736,3.0,0
2737,3.0,1
2738,3.0,1
2739,3.0,1
2740,3.0,0
2741,3.0,0
2742,3.0,0
2743,3.0,0
2744,3.0,1
2745,3.0,1
2746,3.0,1
2747,3.0,1
2748,3.0,1
2749,3.0,4
2750,3.0,1
2751,3.0,1
2752,3.0,1
2753,3.0,1
2754,3.0,1
2755,3.0,1
2756,3.0,0
2757,3.0,0
2758,3.0,1
2759,3.0,1
2760,3.0,0
2761,3.0,1
2762,3.0,0
2763,3.0,1
2764,3.0,1
2765,3.0,2
2766,3.0,0
2767,3.0,1
2768,3.0,1
2769,3.0,1
2770,3.0,1
2771,3.0,1
2772,3.0,1
2773,3.0,1
2774,3.0,1
2775,3.0,1
2776,3.0,4
2777,3.0,0
2778,3.0,0
2779,3.0,1
2780,3.0,0
2781,3.0,1
2782,3.0,1
2783,3.0,2
2784,3.0,0
2785,3.0,1
2786,3.0,1
2787,3.0,0
2788,3.0,0
2789,3.0,0
2790,3.0,1
2791,3.0,1
2792,3.0,1
2793,3.0,4
2794,3.0,1
2795,3.0,0
2796,3.0,0
2797,3.0,0
2798,3.0,1
2799,3.0,0
2800,3.0,0
2801,3.0,1
2802,3.0,1
2803,3.0,1
2804,3.0,0
2805,3.0,1
2806,3.0,1
2807,3.0,1
2808,3.0,1
2809,3.0,0
2810,3.0,0
2811,3.0,1
2812,3.0,1
2813,3.0,0
2814,3.0,0
2815,3.0,0
2816,3.0,1
2817,3.0,0
2818,3.0,1
2819,3.0,1
2820,3.0,1
2821,3.0,0
2822,3.0,0
2823,3.0,1
2824,3.0,1
2825,3.0,0
2826,3.0,1
2827,3.0,1
2828,3.0,0
2829,3.0,4
2830,3.0,1
2831,3.0,2
2832,3.0,0
2833,3.0,1
2834,3.0,1
2835,3.0,1
2836,3.0,1
2837,3.0,0
2838,3.0,1
2839,3.0,1
2840,3.0,0
2841,3.0,0
2842,3.0,0
2843,3.0,1
2844,3.0,1
2845,3.0,1
2846,3.0,0
2847,3.0,0
2848,3.0,1
2849,3.0,1
2850,3.0,1
2851,3.0,0
2852,3.0,1
2853,3.0,0
2854,3.0,1
2855,3.0,1
2856,3.0,1
2857,3.0,0
2858,3.0,0
2859,3.0,1
2860,3.0,2
2861,3.0,0
2862,3.0,1
2863,3.0,1
2864,3.0,1
2865,3.0,1
2866,3.0,0
2867,3.0,0
2868,3.0,0
2869,3.0,0
2870,3.0,1
2871,3.0,1
2872,3.0,1
2873,3.0,0
2874,3.0,1
2875,3.0,1
2876,3.0,1
2877,3.0,1
2878,3.0,0
2879,3.0,0
2880,3.0,1
2881,3.0,0
2882,3.0,1
2883,3.0,1
2884,3.0,1
2885,3.0,0
2886,3.0,0
2887,3.0,0
2888,3.0,0
2889,3.0,1
2890,3.0,1
2891,3.0,1
2892,3.0,0
2893,3.0,0
2894,3.0,0
2895,3.0,2
2896,3.0,0
2897,3.0,0
2898,3.0,2
2899,3.0,0
2900,3.0,1
2901,3.0,0
2902,3.0,1
2903,3.0,0
2904,3.0,0
2905,3.0,1
2906,3.0,1
2907,3.0,1
2908,3.0,1
2909,3.0,0
2910,3.0,1
2911,3.0,4
2912,3.0,1
2913,3.0,1
2914,3.0,4
2915,3.0,1
2916,3.0,0
2917,3.0,0
2918,3.0,1
2919,3.0,1
2920,3.0,1
2921,3.0,1
2922,3.0,1
2923,3.0,0
2924,3.0,1
2925,3.0,0
2926,3.0,1
2927,3.0,0
2928,3.0,0
2929,3.0,1
2930,3.0,0
2931,3.0,1
2932,3.0,0
2933,3.0,1
2934,3.0,1
2935,3.0,0
2936,3.0,0
2937,3.0,2
2938,3.0,0
2939,3.0,0
2940,3.0,0
2941,3.0,0
2942,3.0,1
2943,3.0,0
2944,3.0,1
2945,3.0,1
2946,3.0,0
2947,3.0,1
2948,3.0,2
2949,3.0,1
2950,3.0,1
2951,3.0,1
2952,3.0,0
2953,3.0,1
2954,3.0,1
2955,3.0,1
2956,3.0,2
2957,3.0,0
2958,3.0,1
2959,3.0,1
2960,3.0,1
2961,3.0,1
2962,3.0,1
2963,3.0,0
2964,3.0,0
2965,3.0,0
2966,3.0,0
2967,3.0,1
2968,3.0,1
2969,3.0,1
2970,3.0,0
2971,3.0,0
2972,3.0,0
2973,3.0,1
2974,3.0,1
2975,3.0,1
2976,3.0,0
2977,3.0,1
2978,3.0,1
2979,3.0,0
2980,3.0,1
2981,3.0,0
2982,3.0,1
2983,3.0,1
2984,3.0,1
2985,3.0,1
2986,3.0,1
2987,3.0,1
2988,3.0,1
2989,3.0,1
2990,3.0,1
2991,3.0,0
2992,3.0,1
2993,3.0,0
2994,3.0,0
2995,3.0,2
2996,3.0,1
2997,3.0,0
2998,3.0,1
2999,3.0,1
3000,4.0,1
3001,4.0,1
3002,4.0,1
3003,4.0,1
3004,4.0,1
3005,4.0,0
3006,4.0,0
3007,4.0,1
3008,4.0,1
3009,4.0,1
3010,4.0,1
3011,4.0,1
3012,4.0,1
3013,4.0,0
3014,4.0,1
3015,4.0,1
3016,4.0,1
3017,4.0,1
3018,4.0,1
3019,4.0,0
3020,4.0,1
3021,4.0,1
3022,4.0,1
3023,4.0,1
3024,4.0,1
3025,4.0,1
3026,4.0,1
3027,4.0,1
3028,4.0,1
3029,4.0,0
3030,4.0,1
3031,4.0,1
3032,4.0,1
3033,4.0,1
3034,4.0,1
3035,4.0,1
3036,4.0,1
3037,4.0,1
3038,4.0,1
3039,4.0,1
3040,4.0,1
3041,4.0,1
3042,4.0,1
3043,4.0,1
3044,4.0,0
3045,4.0,1
3046,4.0,1
3047,4.0,1
3048,4.0,1
3049,4.0,1
3050,4.0,1
3051,4.0,1
3052,4.0,1
3053,4.0,1
3054,4.0,1
3055,4.0,1
3056,4.0,1
3057,4.0,1
3058,4.0,1
3059,4.0,1
3060,4.0,1
3061,4.0,0
3062,4.0,1
3063,4.0,1
3064,4.0,1
3065,4.0,1
3066,4.0,1
3067,4.0,1
3068,4.0,1
3069,4.0,1
3070,4.0,1
3071,4.0,1
3072,4.0,1
3073,4.0,1
3074,4.0,1
3075,4.0,1
3076,4.0,1
3077,4.0,1
3078,4.0,0
3079,4.0,1
3080,4.0,1
3081,4.0,1
3082,4.0,1
3083,4.0,0
3084,4.0,1
3085,4.0,1
3086,4.0,1
3087,4.0,0
3088,4.0,1
3089,4.0,1
3090,4.0,1
3091,4.0,1
3092,4.0,1
3093,4.0,1
3094,4.0,1
3095,4.0,0
3096,4.0,1
3097,4.0,1
3098,4.0,1
3099,4.0,1
3100,4.0,1
3101,4.0,1
3102,4.0,1
3103,4.0,1
3104,4.0,1
3105,4.0,1
3106,4.0,1
3107,4.0,1
3108,4.0,1
3109,4.0,1
3110,4.0,0
3111,4.0,1
3112,4.0,1
3113,4.0,1
3114,4.0,1
3115,4.0,1
3116,4.0,1
3117,4.0,1
3118,4.0,0
3119,4.0,1
3120,4.0,1
3121,4.0,1
3122,4.0,1
3123,4.0,1
3124,4.0,1
3125,4.0,1
3126,4.0,1
3127,4.0,1
3128,4.0,1
3129,4.0,1
3130,4.0,0
3131,4.0,1
3132,4.0,1
3133,4.0,1
3134,4.0,1
3135,4.0,1
3136,4.0,1
3137,4.0,1
3138,4.0,0
3139,4.0,1
3140,4.0,1
3141,4.0,1
3142,4.0,1
3143,4.0,1
3144,4.0,0
3145,4.0,0
3146,4.0,1
3147,4.0,1
3148,4.0,1
3149,4.0,1
3150,4.0,1
3151,4.0,1
3152,4.0,1
3153,4.0,1
3154,4.0,1
3155,4.0,1
3156,4.0,0
3157,4.0,0
3158,4.0,1
3159,4.0,1
3160,4.0,1
3161,4.0,1
3162,4.0,1
3163,4.0,1
3164,4.0,1
3165,4.0,1
3166,4.0,1
3167,4.0,1
3168,4.0,1
3169,4.0,0
3170,4.0,1
3171,4.0,1
3172,4.0,0
3173,4.0,0
3174,4.0,1
3175,4.0,1
3176,4.0,1
3177,4.0,1
3178,4.0,1
3179,4.0,1
3180,4.0,1
3181,4.0,1
3182,4.0,1
3183,4.0,1
3184,4.0,1
3185,4.0,1
3186,4.0,1
3187,4.0,1
3188,4.0,1
3189,4.0,1
3190,4.0,1
3191,4.0,0
3192,4.0,1
3193,4.0,1
3194,4.0,1
3195,4.0,1
3196,4.0,1
3197,4.0,1
3198,4.0,1
3199,4.0,1
3200,4.0,1
3201,4.0,1
3202,4.0,1
3203,4.0,0
3204,4.0,1
3205,4.0,1
3206,4.0,1
3207,4.0,0
3208,4.0,1
3209,4.0,1
3210,4.0,1
3211,4.0,1
3212,4.0,0
3213,4.0,1
3214,4.0,1
3215,4.0,1
3216,4.0,1
3217,4.0,1
3218,4.0,1
3219,4.0,0
3220,4.0,0
3221,4.0,1
3222,4.0,0
3223,4.0,1
3224,4.0,1
3225,4.0,1
3226,4.0,1
3227,4.0,0
3228,4.0,1
3229,4.0,0
3230,4.0,1
3231,4.0,0
3232,4.0,1
3233,4.0,1
3234,4.0,1
3235,4.0,1
3236,4.0,1
3237,4.0,0
3238,4.0,1
3239,4.0,1
3240,4.0,1
3241,4.0,1
3242,4.0,1
3243,4.0,1
3244,4.0,1
3245,4.0,1
3246,4.0,1
3247,4.0,1
3248,4.0,1
3249,4.0,1
3250,4.0,1
3251,4.0,1
3252,4.0,1
3253,4.0,0
3254,4.0,1
3255,4.0,0
3256,4.0,1
3257,4.0,1
3258,4.0,1
3259,4.0,1
3260,4.0,1
3261,4.0,0
3262,4.0,1
3263,4.0,1
3264,4.0,1
3265,4.0,1
3266,4.0,1
3267,4.0,0
3268,4.0,1
3269,4.0,1
3270,4.0,0
3271,4.0,1
3272,4.0,0
3273,4.0,1
3274,4.0,1
3275,4.0,1
3276,4.0,1
3277,4.0,0
3278,4.0,1
3279,4.0,1
3280,4.0,1
3281,4.0,1
3282,4.0,1
3283,4.0,0
3284,4.0,1
3285,4.0,1
3286,4.0,1
3287,4.0,1
3288,4.0,1
3289,4.0,1
3290,4.0,1
3291,4.0,1
3292,4.0,1
3293,4.0,1
3294,4.0,1
3295,4.0,1
3296,4.0,1
3297,4.0,0
3298,4.0,1
3299,4.0,1
3300,4.0,1
3301,4.0,1
3302,4.0,1
3303,4.0,1
3304,4.0,1
3305,4.0,1
3306,4.0,1
3307,4.0,1
3308,4.0,1
3309,4.0,1
3310,4.0,1
3311,4.0,1
3312,4.0,1
3313,4.0,1
3314,4.0,1
3315,4.0,1
3316,4.0,1
3317,4.0,1
3318,4.0,1
3319,4.0,1
3320,4.0,1
3321,4.0,1
3322,4.0,0
3323,4.0,0
3324,4.0,1
3325,4.0,1
3326,4.0,1
3327,4.0,1
3328,4.0,1
3329,4.0,1
3330,4.0,1
3331,4.0,1
3332,4.0,1
3333,4.0,1
3334,4.0,1
3335,4.0,1
3336,4.0,1
3337,4.0,1
3338,4.0,1
3339,4.0,1
3340,4.0,1
3341,4.0,1
3342,4.0,1
3343,4.0,1
3344,4.0,1
3345,4.0,1
3346,4.0,1
3347,4.0,1
3348,4.0,1
3349,4.0,1
3350,4.0,0
3351,4.0,1
3352,4.0,1
3353,4.0,1
3354,4.0,1
3355,4.0,1
3356,4.0,0
3357,4.0,1
3358,4.0,1
3359,4.0,1
3360,4.0,1
3361,4.0,1
3362,4.0,0
3363,4.0,1
3364,4.0,1
3365,4.0,1
3366,4.0,1
3367,4.0,1
3368,4.0,1
3369,4.0,1
3370,4.0,1
3371,4.0,1
3372,4.0,1
3373,4.0,1
3374,4.0,1
3375,4.0,1
3376,4.0,1
3377,4.0,1
3378,4.0,1
3379,4.0,1
3380,4.0,1
3381,4.0,0
3382,4.0,0
3383,4.0,1
3384,4.0,1
3385,4.0,0
3386,4.0,1
3387,4.0,1
3388,4.0,1
3389,4.0,1
3390,4.0,1
3391,4.0,0
3392,4.0,1
3393,4.0,1
3394,4.0,1
3395,4.0,1
3396,4.0,1
3397,4.0,1
3398,4.0,1
3399,4.0,1
3400,4.0,1
3401,4.0,1
3402,4.0,1
3403,4.0,1
3404,4.0,1
3405,4.0,1
3406,4.0,1
3407,4.0,1
3408,4.0,0
3409,4.0,0
3410,4.0,1
3411,4.0,1
3412,4.0,0
3413,4.0,1
3414,4.0,1
3415,4.0,1
3416,4.0,1
3417,4.0,1
3418,4.0,1
3419,4.0,1
3420,4.0,1
3421,4.0,1
3422,4.0,0
3423,4.0,1
3424,4.0,1
3425,4.0,1
3426,4.0,1
3427,4.0,1
3428,4.0,0
3429,4.0,1
3430,4.0,1
3431,4.0,1
3432,4.0,1
3433,4.0,1
3434,4.0,1
3435,4.0,1
3436,4.0,1
3437,4.0,1
3438,4.0,1
3439,4.0,1
3440,4.0,0
3441,4.0,1
3442,4.0,1
3443,4.0,1
3444,4.0,1
3445,4.0,1
3446,4.0,1
3447,4.0,1
3448,4.0,1
3449,4.0,1
3450,4.0,0
3451,4.0,1
3452,4.0,0
3453,4.0,1
3454,4.0,1
3455,4.0,1
3456,4.0,1
3457,4.0,1
3458,4.0,1
3459,4.0,1
3460,4.0,1
3461,4.0,1
3462,4.0,1
3463,4.0,1
3464,4.0,0
3465,4.0,1
3466,4.0,1
3467,4.0,1
3468,4.0,1
3469,4.0,1
3470,4.0,1
3471,4.0,0
3472,4.0,0
3473,4.0,1
3474,4.0,0
3475,4.0,1
3476,4.0,0
3477,4.0,1
3478,4.0,1
3479,4.0,1
3480,4.0,0
3481,4.0,1
3482,4.0,1
3483,4.0,1
3484,4.0,1
3485,4.0,1
3486,4.0,1
3487,4.0,1
3488,4.0,1
3489,4.0,1
3490,4.0,0
3491,4.0,1
3492,4.0,1
3493,4.0,0
3494,4.0,1
3495,4.0,1
3496,4.0,1
3497,4.0,1
3498,4.0,1
3499,4.0,1
3500,4.0,1
3501,4.0,1
3502,4.0,1
3503,4.0,1
3504,4.0,1
3505,4.0,1
3506,4.0,1
3507,4.0,1
3508,4.0,1
3509,4.0,0
3510,4.0,1
3511,4.0,1
3512,4.0,1
3513,4.0,1
3514,4.0,0
3515,4.0,0
3516,4.0,1
3517,4.0,1
3518,4.0,1
3519,4.0,1
3520,4.0,1
3521,4.0,1
3522,4.0,1
3523,4.0,1
3524,4.0,1
3525,4.0,1
3526,4.0,1
3527,4.0,1
3528,4.0,1
3529,4.0,1
3530,4.0,1
3531,4.0,0
3532,4.0,1
3533,4.0,0
3534,4.0,1
3535,4.0,1
3536,4.0,1
3537,4.0,1
3538,4.0,1
3539,4.0,1
3540,4.0,1
3541,4.0,1
3542,4.0,0
3543,4.0,1
3544,4.0,1
3545,4.0,1
3546,4.0,1
3547,4.0,1
3548,4.0,1
3549,4.0,0
3550,4.0,1
3551,4.0,1
3552,4.0,1
3553,4.0,1
3554,4.0,1
3555,4.0,1
3556,4.0,1
3557,4.0,1
3558,4.0,1
3559,4.0,0
3560,4.0,1
3561,4.0,1
3562,4.0,1
3563,4.0,0
3564,4.0,1
3565,4.0,1
3566,4.0,1
3567,4.0,1
3568,4.0,1
3569,4.0,1
3570,4.0,0
3571,4.0,1
3572,4.0,0
3573,4.0,1
3574,4.0,1
3575,4.0,0
3576,4.0,1
3577,4.0,1
3578,4.0,1
3579,4.0,1
3580,4.0,1
3581,4.0,0
3582,4.0,1
3583,4.0,1
3584,4.0,1
3585,4.0,1
3586,4.0,0
3587,4.0,1
3588,4.0,1
3589,4.0,1
3590,4.0,1
3591,4.0,1
3592,4.0,0
3593,4.0,1
3594,4.0,1
3595,4.0,1
3596,4.0,0
3597,4.0,1
3598,4.0,1
3599,4.0,1
3600,4.0,1
3601,4.0,1
3602,4.0,0
3603,4.0,1
3604,4.0,0
3605,4.0,0
3606,4.0,0
3607,4.0,1
3608,4.0,1
3609,4.0,1
3610,4.0,1
3611,4.0,1
3612,4.0,1
3613,4.0,1
3614,4.0,1
3615,4.0,1
3616,4.0,1
3617,4.0,1
3618,4.0,1
3619,4.0,1
3620,4.0,0
3621,4.0,1
3622,4.0,1
3623,4.0,1
3624,4.0,1
3625,4.0,1
3626,4.0,1
3627,4.0,0
3628,4.0,1
3629,4.0,1
3630,4.0,1
3631,4.0,1
3632,4.0,1
3633,4.0,1
3634,4.0,1
3635,4.0,1
3636,4.0,1
3637,4.0,1
3638,4.0,0
3639,4.0,1
3640,4.0,1
3641,4.0,1
3642,4.0,0
3643,4.0,1
3644,4.0,0
3645,4.0,1
3646,4.0,0
3647,4.0,1
3648,4.0,1
3649,4.0,1
3650,4.0,0
3651,4.0,1
3652,4.0,1
3653,4.0,1
3654,4.0,0
3655,4.0,1
3656,4.0,1
3657,4.0,1
3658,4.0,1
3659,4.0,1
3660,4.0,1
3661,4.0,0
3662,4.0,1
3663,4.0,1
3664,4.0,1
3665,4.0,1
3666,4.0,0
3667,4.0,1
3668,4.0,1
3669,4.0,1
3670,4.0,1
3671,4.0,1
3672,4.0,1
3673,4.0,1
3674,4.0,1
3675,4.0,1
3676,4.0,1
3677,4.0,1
3678,4.0,0
3679,4.0,1
3680,4.0,1
3681,4.0,1
3682,4.0,1
3683,4.0,1
3684,4.0,1
3685,4.0,0
3686,4.0,1
3687,4.0,1
3688,4.0,1
3689,4.0,1
3690,4.0,1
3691,4.0,1
3692,4.0,1
3693,4.0,1
3694,4.0,0
3695,4.0,1
3696,4.0,0
3697,4.0,1
3698,4.0,1
3699,4.0,1
3700,4.0,0
3701,4.0,1
3702,4.0,1
3703,4.0,1
3704,4.0,1
3705,4.0,1
3706,4.0,1
3707,4.0,1
3708,4.0,1
3709,4.0,1
3710,4.0,1
3711,4.0,1
3712,4.0,1
3713,4.0,1
3714,4.0,1
3715,4.0,1
3716,4.0,1
3717,4.0,1
3718,4.0,1
3719,4.0,0
3720,4.0,1
3721,4.0,1
3722,4.0,1
3723,4.0,1
3724,4.0,1
3725,4.0,1
3726,4.0,1
3727,4.0,1
3728,4.0,1
3729,4.0,1
3730,4.0,1
3731,4.0,0
3732,4.0,1
3733,4.0,1
3734,4.0,1
3735,4.0,1
3736,4.0,1
3737,4.0,1
3738,4.0,1
3739,4.0,1
3740,4.0,0
3741,4.0,0
3742,4.0,1
3743,4.0,1
3744,4.0,0
3745,4.0,1
3746,4.0,1
3747,4.0,1
3748,4.0,1
3749,4.0,1
3750,4.0,1
3751,4.0,1
3752,4.0,1
3753,4.0,1
3754,4.0,1
3755,4.0,1
3756,4.0,1
3757,4.0,0
3758,4.0,1
3759,4.0,0
3760,4.0,1
3761,4.0,1
3762,4.0,1
3763,4.0,1
3764,4.0,1
3765,4.0,1
3766,4.0,1
3767,4.0,1
3768,4.0,1
3769,4.0,1
3770,4.0,1
3771,4.0,1
3772,4.0,1
3773,4.0,1
3774,4.0,1
3775,4.0,0
3776,4.0,1
3777,4.0,1
3778,4.0,1
3779,4.0,1
3780,4.0,1
3781,4.0,1
3782,4.0,0
3783,4.0,1
3784,4.0,1
3785,4.0,1
3786,4.0,0
3787,4.0,0
3788,4.0,0
3789,4.0,1
3790,4.0,0
3791,4.0,1
3792,4.0,1
3793,4.0,0
3794,4.0,1
3795,4.0,1
3796,4.0,1
3797,4.0,1
3798,4.0,1
3799,4.0,1
3800,4.0,1
3801,4.0,0
3802,4.0,1
3803,4.0,1
3804,4.0,1
3805,4.0,1
3806,4.0,1
3807,4.0,1
3808,4.0,1
3809,4.0,1
3810,4.0,1
3811,4.0,1
3812,4.0,1
3813,4.0,1
3814,4.0,1
3815,4.0,1
3816,4.0,1
3817,4.0,1
3818,4.0,0
3819,4.0,1
3820,4.0,1
3821,4.0,1
3822,4.0,1
3823,4.0,1
3824,4.0,1
3825,4.0,1
3826,4.0,1
3827,4.0,0
3828,4.0,1
3829,4.0,1
3830,4.0,0
3831,4.0,0
3832,4.0,1
3833,4.0,1
3834,4.0,1
3835,4.0,1
3836,4.0,1
3837,4.0,0
3838,4.0,1
3839,4.0,1
3840,4.0,1
3841,4.0,0
3842,4.0,1
3843,4.0,1
3844,4.0,1
3845,4.0,1
3846,4.0,1
3847,4.0,1
3848,4.0,1
3849,4.0,1
3850,4.0,1
3851,4.0,1
3852,4.0,1
3853,4.0,0
3854,4.0,1
3855,4.0,1
3856,4.0,1
3857,4.0,1
3858,4.0,1
3859,4.0,0
3860,4.0,1
3861,4.0,0
3862,4.0,0
3863,4.0,0
3864,4.0,0
3865,4.0,1
3866,4.0,1
3867,4.0,1
3868,4.0,1
3869,4.0,1
3870,4.0,1
3871,4.0,0
3872,4.0,1
3873,4.0,1
3874,4.0,1
3875,4.0,1
3876,4.0,0
3877,4.0,1
3878,4.0,1
3879,4.0,1
3880,4.0,1
3881,4.0,1
3882,4.0,1
3883,4.0,1
3884,4.0,1
3885,4.0,1
3886,4.0,1
3887,4.0,1
3888,4.0,1
3889,4.0,1
3890,4.0,1
3891,4.0,1
3892,4.0,1
3893,4.0,0
3894,4.0,1
3895,4.0,1
3896,4.0,1
3897,4.0,1
3898,4.0,1
3899,4.0,1
3900,4.0,1
3901,4.0,1
3902,4.0,1
3903,4.0,1
3904,4.0,1
3905,4.0,1
3906,4.0,0
3907,4.0,1
3908,4.0,1
3909,4.0,1
3910,4.0,1
3911,4.0,1
3912,4.0,0
3913,4.0,1
3914,4.0,1
3915,4.0,1
3916,4.0,1
3917,4.0,1
3918,4.0,1
3919,4.0,1
3920,4.0,1
3921,4.0,1
3922,4.0,1
3923,4.0,1
3924,4.0,1
3925,4.0,1
3926,4.0,1
3927,4.0,1
3928,4.0,1
3929,4.0,1
3930,4.0,1
3931,4.0,1
3932,4.0,1
3933,4.0,1
3934,4.0,1
3935,4.0,1
3936,4.0,1
3937,4.0,1
3938,4.0,1
3939,4.0,1
3940,4.0,1
3941,4.0,1
3942,4.0,0
3943,4.0,1
3944,4.0,1
3945,4.0,0
3946,4.0,1
3947,4.0,1
3948,4.0,1
3949,4.0,0
3950,4.0,1
3951,4.0,1
3952,4.0,1
3953,4.0,1
3954,4.0,1
3955,4.0,1
3956,4.0,1
3957,4.0,1
3958,4.0,1
3959,4.0,1
3960,4.0,1
3961,4.0,1
3962,4.0,0
3963,4.0,1
3964,4.0,1
3965,4.0,1
3966,4.0,1
3967,4.0,1
3968,4.0,1
3969,4.0,1
3970,4.0,0
3971,4.0,1
3972,4.0,1
3973,4.0,1
3974,4.0,1
3975,4.0,1
3976,4.0,1
3977,4.0,1
3978,4.0,1
3979,4.0,1
3980,4.0,1
3981,4.0,1
3982,4.0,1
3983,4.0,1
3984,4.0,1
3985,4.0,1
3986,4.0,1
3987,4.0,1
3988,4.0,1
3989,4.0,1
3990,4.0,1
3991,4.0,1
3992,4.0,1
3993,4.0,1
3994,4.0,0
3995,4.0,1
3996,4.0,1
3997,4.0,1
3998,4.0,1
3999,4.0,0
4000,5.0,0
4001,5.0,0
4002,5.0,0
4003,5.0,0
4004,5.0,0
4005,5.0,0
4006,5.0,0
4007,5.0,0
4008,5.0,0
4009,5.0,0
4010,5.0,0
4011,5.0,0
4012,5.0,0
4013,5.0,0
4014,5.0,0
4015,5.0,0
4016,5.0,0
4017,5.0,0
4018,5.0,0
4019,5.0,0
4020,5.0,0
4021,5.0,0
4022,5.0,0
4023,5.0,0
4024,5.0,0
4025,5.0,0
4026,5.0,0
4027,5.0,0
4028,5.0,0
4029,5.0,0
4030,5.0,0
4031,5.0,0
4032,5.0,0
4033,5.0,0
4034,5.0,0
4035,5.0,0
4036,5.0,0
4037,5.0,0
4038,5.0,0
4039,5.0,0
4040,5.0,0
4041,5.0,0
4042,5.0,0
4043,5.0,0
4044,5.0,0
4045,5.0,0
4046,5.0,0
4047,5.0,0
4048,5.0,0
4049,5.0,0
4050,5.0,0
4051,5.0,0
4052,5.0,0
4053,5.0,0
4054,5.0,0
4055,5.0,0
4056,5.0,0
4057,5.0,0
4058,5.0,0
4059,5.0,0
4060,5.0,0
4061,5.0,0
4062,5.0,0
4063,5.0,0
4064,5.0,0
4065,5.0,0
4066,5.0,0
4067,5.0,0
4068,5.0,0
4069,5.0,0
4070,5.0,0
4071,5.0,0
4072,5.0,0
4073,5.0,0
4074,5.0,0
4075,5.0,0
4076,5.0,0
4077,5.0,0
4078,5.0,0
4079,5.0,0
4080,5.0,0
4081,5.0,0
4082,5.0,0
4083,5.0,0
4084,5.0,0
4085,5.0,0
4086,5.0,0
4087,5.0,0
4088,5.0,0
4089,5.0,0
4090,5.0,0
4091,5.0,0
4092,5.0,0
4093,5.0,0
4094,5.0,0
4095,5.0,0
4096,5.0,0
4097,5.0,0
4098,5.0,0
4099,5.0,0
4100,5.0,0
4101,5.0,0
4102,5.0,0
4103,5.0,0
4104,5.0,0
4105,5.0,0
4106,5.0,0
4107,5.0,0
4108,5.0,0
4109,5.0,0
4110,5.0,0
4111,5.0,0
4112,5.0,0
4113,5.0,0
4114,5.0,0
4115,5.0,0
4116,5.0,0
4117,5.0,0
4118,5.0,0
4119,5.0,0
4120,5.0,0
4121,5.0,0
4122,5.0,0
4123,5.0,0
4124,5.0,0
4125,5.0,0
4126,5.0,0
4127,5.0,0
4128,5.0,0
4129,5.0,0
4130,5.0,0
4131,5.0,0
4132,5.0,0
4133,5.0,0
4134,5.0,0
4135,5.0,0
4136,5.0,0
4137,5.0,0
4138,5.0,0
4139,5.0,0
4140,5.0,0
4141,5.0,0
4142,5.0,0
4143,5.0,0
4144,5.0,0
4145,5.0,0
4146,5.0,0
4147,5.0,0
4148,5.0,0
4149,5.0,0
4150,5.0,0
4151,5.0,0
4152,5.0,0
4153,5.0,0
4154,5.0,0
4155,5.0,0
4156,5.0,0
4157,5.0,0
4158,5.0,0
4159,5.0,0
4160,5.0,0
4161,5.0,0
4162,5.0,0
4163,5.0,0
4164,5.0,0
4165,5.0,0
4166,5.0,0
4167,5.0,0
4168,5.0,0
4169,5.0,0
4170,5.0,0
4171,5.0,0
4172,5.0,0
4173,5.0,0
4174,5.0,0
4175,5.0,0
4176,5.0,0
4177,5.0,0
4178,5.0,0
4179,5.0,0
4180,5.0,0
4181,5.0,0
4182,5.0,0
4183,5.0,0
4184,5.0,0
4185,5.0,0
4186,5.0,0
4187,5.0,0
4188,5.0,0
4189,5.0,0
4190,5.0,0
4191,5.0,0
4192,5.0,0
4193,5.0,0
4194,5.0,0
4195,5.0,0
4196,5.0,0
4197,5.0,0
4198,5.0,0
4199,5.0,0
4200,5.0,0
4201,5.0,0
4202,5.0,0
4203,5.0,0
4204,5.0,0
4205,5.0,0
4206,5.0,0
4207,5.0,0
4208,5.0,0
4209,5.0,0
4210,5.0,0
4211,5.0,0
4212,5.0,0
4213,5.0,0
4214,5.0,0
4215,5.0,0
4216,5.0,0
4217,5.0,0
4218,5.0,0
4219,5.0,0
4220,5.0,0
4221,5.0,0
4222,5.0,0
4223,5.0,0
4224,5.0,0
4225,5.0,0
4226,5.0,0
4227,5.0,0
4228,5.0,0
4229,5.0,0
4230,5.0,0
4231,5.0,0
4232,5.0,0
4233,5.0,0
4234,5.0,0
4235,5.0,0
4236,5.0,0
4237,5.0,0
4238,5.0,0
4239,5.0,0
4240,5.0,0
4241,5.0,0
4242,5.0,0
4243,5.0,0
4244,5.0,0
4245,5.0,0
4246,5.0,0
4247,5.0,0
4248,5.0,0
4249,5.0,0
4250,5.0,0
4251,5.0,0
4252,5.0,0
4253,5.0,0
4254,5.0,0
4255,5.0,0
4256,5.0,0
4257,5.0,0
4258,5.0,0
4259,5.0,0
4260,5.0,0
4261,5.0,0
4262,5.0,0
4263,5.0,0
4264,5.0,0
4265,5.0,0
4266,5.0,0
4267,5.0,0
4268,5.0,0
4269,5.0,0
4270,5.0,0
4271,5.0,0
4272,5.0,0
4273,5.0,0
4274,5.0,0
4275,5.0,0
4276,5.0,0
4277,5.0,0
4278,5.0,0
4279,5.0,0
4280,5.0,0
4281,5.0,0
4282,5.0,0
4283,5.0,0
4284,5.0,0
4285,5.0,0
4286,5.0,0
4287,5.0,0
4288,5.0,0
4289,5.0,0
4290,5.0,0
4291,5.0,0
4292,5.0,0
4293,5.0,0
4294,5.0,0
4295,5.0,0
4296,5.0,0
4297,5.0,0
4298,5.0,0
4299,5.0,0
4300,5.0,0
4301,5.0,0
4302,5.0,0
4303,5.0,0
4304,5.0,0
4305,5.0,0
4306,5.0,0
4307,5.0,0
4308,5.0,0
4309,5.0,0
4310,5.0,0
4311,5.0,0
4312,5.0,0
4313,5.0,0
4314,5.0,0
4315,5.0,0
4316,5.0,0
4317,5.0,0
4318,5.0,0
4319,5.0,0
4320,5.0,0
4321,5.0,0
4322,5.0,0
4323,5.0,0
4324,5.0,0
4325,5.0,0
4326,5.0,0
4327,5.0,0
4328,5.0,0
4329,5.0,0
4330,5.0,0
4331,5.0,0
4332,5.0,0
4333,5.0,0
4334,5.0,0
4335,5.0,0
4336,5.0,0
4337,5.0,0
4338,5.0,0
4339,5.0,0
4340,5.0,0
4341,5.0,0
4342,5.0,0
4343,5.0,0
4344,5.0,0
4345,5.0,0
4346,5.0,0
4347,5.0,0
4348,5.0,0
4349,5.0,0
4350,5.0,0
4351,5.0,0
4352,5.0,0
4353,5.0,0
4354,5.0,0
4355,5.0,0
4356,5.0,0
4357,5.0,0
4358,5.0,0
4359,5.0,0
4360,5.0,0
4361,5.0,0
4362,5.0,0
4363,5.0,0
4364,5.0,0
4365,5.0,0
4366,5.0,0
4367,5.0,0
4368,5.0,0
4369,5.0,0
4370,5.0,0
4371,5.0,0
4372,5.0,0
4373,5.0,0
4374,5.0,0
4375,5.0,0
4376,5.0,0
4377,5.0,0
4378,5.0,0
4379,5.0,0
4380,5.0,0
4381,5.0,0
4382,5.0,0
4383,5.0,0
4384,5.0,0
4385,5.0,0
4386,5.0,0
4387,5.0,0
4388,5.0,0
4389,5.0,0
4390,5.0,0
4391,5.0,0
4392,5.0,0
4393,5.0,0
4394,5.0,0
4395,5.0,0
4396,5.0,0
4397,5.0,0
4398,5.0,0
4399,5.0,0
4400,5.0,0
4401,5.0,0
4402,5.0,0
4403,5.0,0
4404,5.0,0
4405,5.0,0
4406,5.0,0
4407,5.0,0
4408,5.0,0
4409,5.0,0
4410,5.0,0
4411,5.0,0
4412,5.0,0
4413,5.0,0
4414,5.0,0
4415,5.0,0
4416,5.0,0
4417,5.0,0
4418,5.0,0
4419,5.0,0
4420,5.0,0
4421,5.0,0
4422,5.0,0
4423,5.0,0
4424,5.0,0
4425,5.0,0
4426,5.0,0
4427,5.0,0
4428,5.0,0
4429,5.0,0
4430,5.0,0
4431,5.0,0
4432,5.0,0
4433,5.0,0
4434,5.0,0
4435,5.0,0
4436,5.0,0
4437,5.0,0
4438,5.0,0
4439,5.0,0
4440,5.0,0
4441,5.0,0
4442,5.0,0
4443,5.0,0
4444,5.0,0
4445,5.0,0
4446,5.0,0
4447,5.0,0
4448,5.0,0
4449,5.0,0
4450,5.0,0
4451,5.0,0
4452,5.0,0
4453,5.0,0
4454,5.0,0
4455,5.0,0
4456,5.0,0
4457,5.0,0
4458,5.0,0
4459,5.0,0
4460,5.0,0
4461,5.0,0
4462,5.0,0
4463,5.0,0
4464,5.0,0
4465,5.0,0
4466,5.0,0
4467,5.0,0
4468,5.0,0
4469,5.0,0
4470,5.0,0
4471,5.0,0
4472,5.0,0
4473,5.0,0
4474,5.0,0
4475,5.0,0
4476,5.0,0
4477,5.0,0
4478,5.0,0
4479,5.0,0
4480,5.0,0
4481,5.0,0
4482,5.0,0
4483,5.0,0
4484,5.0,0
4485,5.0,0
4486,5.0,0
4487,5.0,0
4488,5.0,0
4489,5.0,0
4490,5.0,0
4491,5.0,0
4492,5.0,0
4493,5.0,0
4494,5.0,0
4495,5.0,0
4496,5.0,0
4497,5.0,0
4498,5.0,0
4499,5.0,0
4500,5.0,0
4501,5.0,0
4502,5.0,0
4503,5.0,0
4504,5.0,0
4505,5.0,0
4506,5.0,0
4507,5.0,0
4508,5.0,0
4509,5.0,0
4510,5.0,0
4511,5.0,0
4512,5.0,0
4513,5.0,0
4514,5.0,0
4515,5.0,0
4516,5.0,0
4517,5.0,0
4518,5.0,0
4519,5.0,0
4520,5.0,0
4521,5.0,0
4522,5.0,0
4523,5.0,0
4524,5.0,0
4525,5.0,0
4526,5.0,0
4527,5.0,0
4528,5.0,0
4529,5.0,0
4530,5.0,0
4531,5.0,0
4532,5.0,0
4533,5.0,0
4534,5.0,0
4535,5.0,0
4536,5.0,0
4537,5.0,0
4538,5.0,0
4539,5.0,0
4540,5.0,0
4541,5.0,0
4542,5.0,0
4543,5.0,0
4544,5.0,0
4545,5.0,0
4546,5.0,0
4547,5.0,0
4548,5.0,0
4549,5.0,0
4550,5.0,0
4551,5.0,0
4552,5.0,0
4553,5.0,0
4554,5.0,0
4555,5.0,0
4556,5.0,0
4557,5.0,0
4558,5.0,0
4559,5.0,0
4560,5.0,0
4561,5.0,0
4562,5.0,0
4563,5.0,0
4564,5.0,0
4565,5.0,0
4566,5.0,0
4567,5.0,0
4568,5.0,0
4569,5.0,0
4570,5.0,0
4571,5.0,0
4572,5.0,0
4573,5.0,0
4574,5.0,0
4575,5.0,0
4576,5.0,0
4577,5.0,0
4578,5.0,0
4579,5.0,0
4580,5.0,0
4581,5.0,0
4582,5.0,0
4583,5.0,0
4584,5.0,0
4585,5.0,0
4586,5.0,0
4587,5.0,0
4588,5.0,0
4589,5.0,0
4590,5.0,0
4591,5.0,0
4592,5.0,0
4593,5.0,0
4594,5.0,0
4595,5.0,0
4596,5.0,0
4597,5.0,0
4598,5.0,0
4599,5.0,0
4600,5.0,0
4601,5.0,0
4602,5.0,0
4603,5.0,0
4604,5.0,0
4605,5.0,0
4606,5.0,0
4607,5.0,0
4608,5.0,0
4609,5.0,0
4610,5.0,0
4611,5.0,0
4612,5.0,0
4613,5.0,0
4614,5.0,0
4615,5.0,0
4616,5.0,0
4617,5.0,0
4618,5.0,0
4619,5.0,0
4620,5.0,0
4621,5.0,0
4622,5.0,0
4623,5.0,0
4624,5.0,0
4625,5.0,0
4626,5.0,0
4627,5.0,0
4628,5.0,0
4629,5.0,0
4630,5.0,0
4631,5.0,0
4632,5.0,0
4633,5.0,0
4634,5.0,0
4635,5.0,0
4636,5.0,0
4637,5.0,0
4638,5.0,0
4639,5.0,0
4640,5.0,0
4641,5.0,0
4642,5.0,0
4643,5.0,0
4644,5.0,0
4645,5.0,0
4646,5.0,0
4647,5.0,0
4648,5.0,0
4649,5.0,0
4650,5.0,0
4651,5.0,0
4652,5.0,0
4653,5.0,0
4654,5.0,0
4655,5.0,0
4656,5.0,0
4657,5.0,0
4658,5.0,0
4659,5.0,0
4660,5.0,0
4661,5.0,0
4662,5.0,0
4663,5.0,0
4664,5.0,0
4665,5.0,0
4666,5.0,0
4667,5.0,0
4668,5.0,0
4669,5.0,0
4670,5.0,0
4671,5.0,0
4672,5.0,0
4673,5.0,0
4674,5.0,0
4675,5.0,0
4676,5.0,0
4677,5.0,0
4678,5.0,0
4679,5.0,0
4680,5.0,0
4681,5.0,0
4682,5.0,0
4683,5.0,0
4684,5.0,0
4685,5.0,0
4686,5.0,0
4687,5.0,0
4688,5.0,0
4689,5.0,0
4690,5.0,0
4691,5.0,0
4692,5.0,0
4693,5.0,0
4694,5.0,0
4695,5.0,0
4696,5.0,0
4697,5.0,0
4698,5.0,0
4699,5.0,0
4700,5.0,0
4701,5.0,0
4702,5.0,0
4703,5.0,0
4704,5.0,0
4705,5.0,0
4706,5.0,0
4707,5.0,0
4708,5.0,0
4709,5.0,0
4710,5.0,0
4711,5.0,0
4712,5.0,0
4713,5.0,0
4714,5.0,0
4715,5.0,0
4716,5.0,0
4717,5.0,0
4718,5.0,0
4719,5.0,0
4720,5.0,0
4721,5.0,0
4722,5.0,0
4723,5.0,0
4724,5.0,0
4725,5.0,0
4726,5.0,0
4727,5.0,0
4728,5.0,0
4729,5.0,0
4730,5.0,0
4731,5.0,0
4732,5.0,0
4733,5.0,0
4734,5.0,0
4735,5.0,0
4736,5.0,0
4737,5.0,0
4738,5.0,0
4739,5.0,0
4740,5.0,0
4741,5.0,0
4742,5.0,0
4743,5.0,0
4744,5.0,0
4745,5.0,0
4746,5.0,0
4747,5.0,0
4748,5.0,0
4749,5.0,0
4750,5.0,0
4751,5.0,0
4752,5.0,0
4753,5.0,0
4754,5.0,0
4755,5.0,0
4756,5.0,0
4757,5.0,0
4758,5.0,0
4759,5.0,0
4760,5.0,0
4761,5.0,0
4762,5.0,0
4763,5.0,0
4764,5.0,0
4765,5.0,0
4766,5.0,0
4767,5.0,0
4768,5.0,0
4769,5.0,0
4770,5.0,0
4771,5.0,0
4772,5.0,0
4773,5.0,0
4774,5.0,0
4775,5.0,0
4776,5.0,0
4777,5.0,0
4778,5.0,0
4779,5.0,0
4780,5.0,0
4781,5.0,0
4782,5.0,0
4783,5.0,0
4784,5.0,0
4785,5.0,0
4786,5.0,0
4787,5.0,0
4788,5.0,0
4789,5.0,0
4790,5.0,0
4791,5.0,0
4792,5.0,0
4793,5.0,0
4794,5.0,0
4795,5.0,0
4796,5.0,0
4797,5.0,0
4798,5.0,0
4799,5.0,0
4800,5.0,0
4801,5.0,0
4802,5.0,0
4803,5.0,0
4804,5.0,0
4805,5.0,0
4806,5.0,0
4807,5.0,0
4808,5.0,0
4809,5.0,0
4810,5.0,0
4811,5.0,0
4812,5.0,0
4813,5.0,0
4814,5.0,0
4815,5.0,0
4816,5.0,0
4817,5.0,0
4818,5.0,0
4819,5.0,0
4820,5.0,0
4821,5.0,0
4822,5.0,0
4823,5.0,0
4824,5.0,0
4825,5.0,0
4826,5.0,0
4827,5.0,0
4828,5.0,0
4829,5.0,0
4830,5.0,0
4831,5.0,0
4832,5.0,0
4833,5.0,0
4834,5.0,0
4835,5.0,0
4836,5.0,0
4837,5.0,0
4838,5.0,0
4839,5.0,0
4840,5.0,0
4841,5.0,0
4842,5.0,0
4843,5.0,0
4844,5.0,0
4845,5.0,0
4846,5.0,0
4847,5.0,0
4848,5.0,0
4849,5.0,0
4850,5.0,0
4851,5.0,0
4852,5.0,0
4853,5.0,0
4854,5.0,0
4855,5.0,0
4856,5.0,0
4857,5.0,0
4858,5.0,0
4859,5.0,0
4860,5.0,0
4861,5.0,0
4862,5.0,0
4863,5.0,0
4864,5.0,0
4865,5.0,0
4866,5.0,0
4867,5.0,0
4868,5.0,0
4869,5.0,0
4870,5.0,0
4871,5.0,0
4872,5.0,0
4873,5.0,0
4874,5.0,0
4875,5.0,0
4876,5.0,0
4877,5.0,0
4878,5.0,0
4879,5.0,0
4880,5.0,0
4881,5.0,0
4882,5.0,0
4883,5.0,0
4884,5.0,0
4885,5.0,0
4886,5.0,0
4887,5.0,0
4888,5.0,0
4889,5.0,0
4890,5.0,0
4891,5.0,0
4892,5.0,0
4893,5.0,0
4894,5.0,0
4895,5.0,0
4896,5.0,0
4897,5.0,0
4898,5.0,0
4899,5.0,0
4900,5.0,0
4901,5.0,0
4902,5.0,0
4903,5.0,0
4904,5.0,0
4905,5.0,0
4906,5.0,0
4907,5.0,0
4908,5.0,0
4909,5.0,0
4910,5.0,0
4911,5.0,0
4912,5.0,0
4913,5.0,0
4914,5.0,0
4915,5.0,0
4916,5.0,0
4917,5.0,0
4918,5.0,0
4919,5.0,0
4920,5.0,0
4921,5.0,0
4922,5.0,0
4923,5.0,0
4924,5.0,0
4925,5.0,0
4926,5.0,0
4927,5.0,0
4928,5.0,0
4929,5.0,0
4930,5.0,0
4931,5.0,0
4932,5.0,0
4933,5.0,0
4934,5.0,0
4935,5.0,0
4936,5.0,0
4937,5.0,0
4938,5.0,0
4939,5.0,0
4940,5.0,0
4941,5.0,0
4942,5.0,0
4943,5.0,0
4944,5.0,0
4945,5.0,0
4946,5.0,0
4947,5.0,0
4948,5.0,0
4949,5.0,0
4950,5.0,0
4951,5.0,0
4952,5.0,0
4953,5.0,0
4954,5.0,0
4955,5.0,0
4956,5.0,0
4957,5.0,0
4958,5.0,0
4959,5.0,0
4960,5.0,0
4961,5.0,0
4962,5.0,0
4963,5.0,0
4964,5.0,0
4965,5.0,0
4966,5.0,0
4967,5.0,0
4968,5.0,0
4969,5.0,0
4970,5.0,0
4971,5.0,0
4972,5.0,0
4973,5.0,0
4974,5.0,0
4975,5.0,0
4976,5.0,0
4977,5.0,0
4978,5.0,0
4979,5.0,0
4980,5.0,0
4981,5.0,0
4982,5.0,0
4983,5.0,0
4984,5.0,0
4985,5.0,0
4986,5.0,0
4987,5.0,0
4988,5.0,0
4989,5.0,0
4990,5.0,0
4991,5.0,0
4992,5.0,0
4993,5.0,0
4994,5.0,0
4995,5.0,0
4996,5.0,0
4997,5.0,0
4998,5.0,0
4999,5.0,0
